year	year_id	team_id	team_name	jersey_number	summary_type	class_year	position	height	games_played	games_started	minutes_played	field_goals_made	field_goals_attempted	field_goal_percentage	three_point_field_goals	three_point_field_goals_attempted	three_point_field_goal_percentage	free_throws	free_throws_attempted	free_throw_percentage	points	point_per_game	offensive_rebounds	defensive_rebounds	total_rebounds	rebounds_per_game	assists	turnovers	steals	blocks	fouls	double_doubles	triple_doubles	dq
2016	12280	30123	Academy of Art	-	Totals	-	-	-	-	-	1200:00	159	403	39.45	43	148	29.05	79	121	65.29	440	73.33	79	112	191	31.83	78	85	49	9	146	6	11	 	 
2016	12280	30123	Academy of Art	-	Opponent Totals	-	-	-	-	-	1200:00	140	334	41.92	33	115	28.70	142	180	78.89	455	75.83	78	167	245	40.83	89	127	33	12	135	6	5	 	 
2016	12280	929	Adams St.	-	Totals	-	-	-	-	-	400:00	25	117	21.37	7	38	18.42	25	44	56.82	82	41.00	43	40	83	41.50	16	43	22	3	44	2	 	 	 
2016	12280	929	Adams St.	-	Opponent Totals	-	-	-	-	-	400:00	43	107	40.19	18	47	38.30	42	50	84.00	146	73.00	27	59	86	43.00	34	35	25	10	40	2	1	 	 
2016	12280	3	Adelphi	-	Totals	-	-	-	-	-	800:00	89	243	36.63	15	64	23.44	44	77	57.14	237	59.25	51	100	151	37.75	53	73	31	11	81	4	5	 	 
2016	12280	3	Adelphi	-	Opponent Totals	-	-	-	-	-	800:00	89	240	37.08	16	54	29.63	75	98	76.53	269	67.25	55	112	167	41.75	50	69	34	8	77	4	1	 	 
2016	12280	10	Ala.-Huntsville	-	Totals	-	-	-	-	-	600:00	66	159	41.51	25	69	36.23	35	40	87.50	192	64.00	25	89	114	38.00	53	50	16	3	55	3	1	 	 
2016	12280	10	Ala.-Huntsville	-	Opponent Totals	-	-	-	-	-	600:00	57	168	33.93	7	36	19.44	34	54	62.96	155	51.67	41	73	114	38.00	39	43	22	7	53	3	3	 	 
2016	12280	11	Alas. Anchorage	-	Totals	-	-	-	-	-	2000:00	338	709	47.67	96	254	37.80	144	198	72.73	916	91.60	188	278	466	46.60	221	182	145	35	237	10	6	 	 
2016	12280	11	Alas. Anchorage	-	Opponent Totals	-	-	-	-	-	2000:00	148	518	28.57	42	181	23.20	159	237	67.09	497	49.70	116	199	315	31.50	97	275	51	31	175	10	2	 	 
2016	12280	12	Alas. Fairbanks	-	Totals	-	-	-	-	-	1024:00	141	362	38.95	30	112	26.79	108	154	70.13	420	84.00	94	137	231	46.20	87	94	58	14	113	5	5	 	 
2016	12280	12	Alas. Fairbanks	-	Opponent Totals	-	-	-	-	-	1024:00	130	306	42.48	24	86	27.91	85	129	65.89	369	73.80	59	150	209	41.80	64	118	41	14	129	5	7	 	 
2016	12280	13	Albany St. (GA)	-	Totals	-	-	-	-	-	399:00	39	103	37.86	4	22	18.18	18	30	60.00	100	50.00	21	48	69	34.50	16	53	13	3	28	2	1	 	 
2016	12280	13	Albany St. (GA)	-	Opponent Totals	-	-	-	-	-	400:00	57	135	42.22	8	33	24.24	26	33	78.79	148	74.00	33	48	81	40.50	28	30	28	2	35	2	 	 	 
2016	12280	934	Alderson Broaddus	-	Totals	-	-	-	-	-	800:00	93	224	41.52	28	97	28.87	36	59	61.02	250	62.50	28	70	98	24.50	49	82	42	3	84	4	1	 	 
2016	12280	934	Alderson Broaddus	-	Opponent Totals	-	-	-	-	-	800:00	123	233	52.79	13	51	25.49	62	81	76.54	321	80.25	49	115	164	41.00	71	85	45	14	66	4	1	 	 
2016	12280	22	American Int'l	-	Totals	-	-	-	-	-	200:00	25	63	39.68	7	24	29.17	10	15	66.67	67	67.00	14	28	42	42.00	9	10	6	4	21	1	 	 	 
2016	12280	22	American Int'l	-	Opponent Totals	-	-	-	-	-	200:00	19	55	34.55	5	16	31.25	9	15	60.00	52	52.00	12	26	38	38.00	11	16	3	2	16	1	 	 	 
2016	12280	25	Angelo St.	-	Totals	-	-	-	-	-	400:00	72	146	49.32	13	34	38.24	36	47	76.60	193	96.50	40	63	103	51.50	43	33	25	7	45	2	1	 	 
2016	12280	25	Angelo St.	-	Opponent Totals	-	-	-	-	-	400:00	40	125	32.00	8	33	24.24	26	48	54.17	114	57.00	32	41	73	36.50	17	41	16	3	43	2	1	 	 
2016	12280	30105	Ark.-Fort Smith	-	Totals	-	-	-	-	-	800:00	103	256	40.23	44	109	40.37	60	81	74.07	310	77.50	51	107	158	39.50	71	66	49	19	85	4	2	 	 
2016	12280	30105	Ark.-Fort Smith	-	Opponent Totals	-	-	-	-	-	800:00	84	226	37.17	20	66	30.30	52	75	69.33	240	60.00	41	109	150	37.50	47	82	29	18	73	4	1	 	 
2016	12280	8411	Ark.-Monticello	-	Totals	-	-	-	-	-	200:00	25	57	43.86	3	18	16.67	14	21	66.67	67	67.00	9	28	37	37.00	15	9	7	2	12	1	 	 	 
2016	12280	8411	Ark.-Monticello	-	Opponent Totals	-	-	-	-	-	200:00	22	65	33.85	7	27	25.93	11	14	78.57	62	62.00	14	26	40	40.00	13	10	3	2	17	1	 	 	 
2016	12280	947	Arkansas Tech	-	Totals	-	-	-	-	-	600:00	99	214	46.26	25	67	37.31	58	84	69.05	281	93.67	38	97	135	45.00	56	33	27	7	63	3	 	 	 
2016	12280	947	Arkansas Tech	-	Opponent Totals	-	-	-	-	-	600:00	69	186	37.10	9	39	23.08	52	74	70.27	199	66.33	35	85	120	40.00	28	59	18	5	71	3	2	 	 
2016	12280	33	Armstrong St.	-	Totals	-	-	-	-	-	1000:00	127	284	44.72	19	51	37.25	84	118	71.19	357	71.40	56	142	198	39.60	63	88	53	27	78	5	 	 	 
2016	12280	33	Armstrong St.	-	Opponent Totals	-	-	-	-	-	1000:00	112	332	33.73	33	105	31.43	40	63	63.49	297	59.40	85	117	202	40.40	45	98	32	8	105	5	4	 	 
2016	12280	35	Ashland	-	Totals	-	-	-	-	-	600:00	93	167	55.69	15	50	30.00	41	55	74.55	242	80.67	29	90	119	39.67	64	51	35	12	46	3	 	 	 
2016	12280	35	Ashland	-	Opponent Totals	-	-	-	-	-	600:00	70	171	40.94	15	60	25.00	17	31	54.84	172	57.33	22	55	77	25.67	40	59	23	2	57	3	2	 	 
2016	12280	36	Assumption	-	Totals	-	-	-	-	-	599:00	75	190	39.47	24	59	40.68	43	61	70.49	217	72.33	47	94	141	47.00	49	44	16	11	45	3	 	 	 
2016	12280	36	Assumption	-	Opponent Totals	-	-	-	-	-	599:00	68	185	36.76	16	59	27.12	25	36	69.44	177	59.00	31	75	106	35.33	33	45	21	14	60	3	3	 	 
2016	12280	39	Augusta	-	Totals	-	-	-	-	-	599:00	79	195	40.51	16	59	27.12	53	85	62.35	227	75.67	48	94	142	47.33	40	54	30	9	61	3	1	 	 
2016	12280	39	Augusta	-	Opponent Totals	-	-	-	-	-	600:00	68	186	36.56	18	61	29.51	57	79	72.15	211	70.33	39	83	122	40.67	38	47	21	10	62	3	2	 	 
2016	12280	41	Augustana (SD)	-	Totals	-	-	-	-	-	600:00	94	220	42.73	24	77	31.17	41	54	75.93	253	84.33	48	81	129	43.00	51	43	45	19	63	3	1	 	 
2016	12280	41	Augustana (SD)	-	Opponent Totals	-	-	-	-	-	600:00	56	169	33.14	11	68	16.18	44	61	72.13	167	55.67	40	76	116	38.67	31	79	23	10	49	3	 	 	 
2016	12280	30146	Azusa Pacific	-	Totals	-	-	-	-	-	800:00	108	255	42.35	35	96	36.46	55	84	65.48	306	76.50	57	114	171	42.75	62	55	35	26	63	4	 	 	 
2016	12280	30146	Azusa Pacific	-	Opponent Totals	-	-	-	-	-	799:00	94	253	37.15	22	66	33.33	30	57	52.63	240	60.00	57	103	160	40.00	41	64	32	10	84	4	6	 	 
2016	12280	2685	BYU-Hawaii	-	Totals	-	-	-	-	-	402:00	51	122	41.80	17	39	43.59	36	48	75.00	155	77.50	23	71	94	47.00	36	40	20	6	43	2	3	 	 
2016	12280	2685	BYU-Hawaii	-	Opponent Totals	-	-	-	-	-	399:00	45	145	31.03	6	38	15.79	38	53	71.70	134	67.00	37	52	89	44.50	28	35	22	5	42	2	1	 	 
2016	12280	49	Barry	-	Totals	-	-	-	-	-	600:00	66	176	37.50	20	64	31.25	28	39	71.79	180	60.00	37	60	97	32.33	34	37	22	4	47	3	 	 	 
2016	12280	49	Barry	-	Opponent Totals	-	-	-	-	-	600:00	76	151	50.33	24	55	43.64	37	55	67.27	213	71.00	25	77	102	34.00	47	49	27	6	49	3	2	 	 
2016	12280	15646	Barton	-	Totals	-	-	-	-	-	827:00	118	282	41.84	18	73	24.66	47	83	56.63	301	75.25	57	101	158	39.50	58	64	56	11	89	4	1	 	 
2016	12280	15646	Barton	-	Opponent Totals	-	-	-	-	-	825:00	110	248	44.35	12	47	25.53	61	92	66.30	293	73.25	53	124	177	44.25	60	92	28	6	76	4	3	 	 
2016	12280	52	Bellarmine	-	Totals	-	-	-	-	-	400:00	58	121	47.93	17	52	32.69	47	65	72.31	180	90.00	21	51	72	36.00	45	39	35	6	37	2	 	 	 
2016	12280	52	Bellarmine	-	Opponent Totals	-	-	-	-	-	400:00	48	118	40.68	7	23	30.43	23	33	69.70	126	63.00	23	45	68	34.00	21	61	23	8	49	2	3	 	 
2016	12280	2683	Belmont Abbey	-	Totals	-	-	-	-	-	601:00	78	187	41.71	6	30	20.00	46	62	74.19	208	69.33	45	77	122	40.67	34	50	18	 	56	3	1	 	 
2016	12280	2683	Belmont Abbey	-	Opponent Totals	-	-	-	-	-	601:00	94	212	44.34	18	55	32.73	32	45	71.11	238	79.33	45	71	116	38.67	57	39	24	6	54	3	1	 	 
2016	12280	54	Bemidji St.	-	Totals	-	-	-	-	-	600:00	98	195	50.26	18	43	41.86	55	69	79.71	269	89.67	42	85	127	42.33	56	37	41	12	45	3	 	 	 
2016	12280	54	Bemidji St.	-	Opponent Totals	-	-	-	-	-	600:00	55	161	34.16	16	53	30.19	25	37	67.57	151	50.33	28	63	91	30.33	33	71	20	2	52	3	1	 	 
2016	12280	55	Benedict	-	Totals	-	-	-	-	-	200:00	28	75	37.33	8	33	24.24	18	23	78.26	82	82.00	31	34	65	65.00	14	21	11	5	24	1	 	 	 
2016	12280	55	Benedict	-	Opponent Totals	-	-	-	-	-	200:00	15	53	28.30	3	19	15.79	11	18	61.11	44	44.00	6	15	21	21.00	10	19	8	1	18	1	2	 	 
2016	12280	56	Bentley	-	Totals	-	-	-	-	-	800:00	98	210	46.67	31	71	43.66	49	72	68.06	276	69.00	39	136	175	43.75	68	89	25	12	72	4	1	 	 
2016	12280	56	Bentley	-	Opponent Totals	-	-	-	-	-	800:00	82	248	33.06	16	68	23.53	33	50	66.00	213	53.25	39	79	118	29.50	47	64	35	7	83	4	3	 	 
2016	12280	30134	Black Hills St.	-	Totals	-	-	-	-	-	600:00	72	192	37.50	18	61	29.51	40	63	63.49	202	67.33	39	80	119	39.67	38	39	31	11	63	3	1	 	 
2016	12280	30134	Black Hills St.	-	Opponent Totals	-	-	-	-	-	600:00	46	153	30.07	20	61	32.79	63	78	80.77	175	58.33	35	87	122	40.67	21	65	9	6	53	3	4	 	 
2016	12280	984	Bloomfield	-	Totals	-	-	-	-	-	800:00	107	258	41.47	19	72	26.39	39	63	61.90	272	68.00	64	96	160	40.00	62	67	44	6	87	4	2	 	 
2016	12280	984	Bloomfield	-	Opponent Totals	-	-	-	-	-	799:00	66	173	38.15	22	53	41.51	55	81	67.90	209	52.25	24	100	124	31.00	34	101	24	14	69	4	2	 	 
2016	12280	65	Bloomsburg	-	Totals	-	-	-	-	-	600:00	85	185	45.95	13	60	21.67	46	61	75.41	229	76.33	31	92	123	41.00	45	59	27	8	52	3	 	 	 
2016	12280	65	Bloomsburg	-	Opponent Totals	-	-	-	-	-	600:00	76	201	37.81	19	64	29.69	34	49	69.39	205	68.33	38	79	117	39.00	35	56	24	2	65	3	3	 	 
2016	12280	985	Bluefield St.	-	Totals	-	-	-	-	-	600:00	62	165	37.58	14	50	28.00	24	47	51.06	162	54.00	35	90	125	41.67	32	97	28	5	53	3	1	 	 
2016	12280	985	Bluefield St.	-	Opponent Totals	-	-	-	-	-	600:00	97	227	42.73	26	79	32.91	34	46	73.91	254	84.67	46	80	126	42.00	72	44	53	4	61	3	1	 	 
2016	12280	70	Bowie St.	-	Totals	-	-	-	-	-	600:00	57	157	36.31	11	37	29.73	57	76	75.00	182	60.67	39	78	117	39.00	27	54	18	11	62	3	1	 	 
2016	12280	70	Bowie St.	-	Opponent Totals	-	-	-	-	-	601:00	69	186	37.10	15	68	22.06	41	58	70.69	194	64.67	47	71	118	39.33	35	44	17	12	62	3	2	 	 
2016	12280	30094	Brevard	-	Totals	-	-	-	-	-	400:00	39	114	34.21	8	36	22.22	25	38	65.79	111	55.50	25	48	73	36.50	12	26	17	8	34	2	1	 	 
2016	12280	30094	Brevard	-	Opponent Totals	-	-	-	-	-	400:00	49	136	36.03	13	46	28.26	22	25	88.00	133	66.50	41	57	98	49.00	18	33	19	9	42	2	 	 	 
2016	12280	74	Bridgeport	-	Totals	-	-	-	-	-	600:00	67	171	39.18	17	57	29.82	54	72	75.00	205	68.33	36	77	113	37.67	38	64	19	12	59	3	 	 	 
2016	12280	74	Bridgeport	-	Opponent Totals	-	-	-	-	-	600:00	82	202	40.59	24	61	39.34	46	56	82.14	234	78.00	46	77	123	41.00	51	49	28	6	71	3	1	 	 
2016	12280	91	Cal Poly Pomona	-	Totals	-	-	-	-	-	599:00	51	146	34.93	13	43	30.23	34	51	66.67	149	49.67	36	70	106	35.33	27	57	13	4	58	3	3	 	 
2016	12280	91	Cal Poly Pomona	-	Opponent Totals	-	-	-	-	-	601:00	66	152	43.42	34	79	43.04	44	60	73.33	210	70.00	24	71	95	31.67	48	38	28	10	56	3	1	 	 
2016	12280	92	Cal St. Dom. Hills	-	Totals	-	-	-	-	-	1225:00	135	373	36.19	33	127	25.98	94	139	67.63	397	66.17	83	152	235	39.17	59	86	52	16	123	6	7	 	 
2016	12280	92	Cal St. Dom. Hills	-	Opponent Totals	-	-	-	-	-	1225:00	134	351	38.18	44	118	37.29	97	125	77.60	409	68.17	79	178	257	42.83	98	110	35	10	129	6	3	 	 
2016	12280	98	Cal St. East Bay	-	Totals	-	-	-	-	-	825:00	91	211	43.13	26	66	39.39	59	80	73.75	267	66.75	39	101	140	35.00	54	63	28	8	84	4	2	 	 
2016	12280	98	Cal St. East Bay	-	Opponent Totals	-	-	-	-	-	825:00	89	229	38.86	20	69	28.99	54	95	56.84	252	63.00	59	87	146	36.50	42	61	35	8	72	4	3	 	 
2016	12280	100	Cal St. L.A.	-	Totals	-	-	-	-	-	400:00	61	133	45.86	20	46	43.48	17	27	62.96	159	79.50	20	57	77	38.50	30	32	24	6	51	2	1	 	 
2016	12280	100	Cal St. L.A.	-	Opponent Totals	-	-	-	-	-	400:00	45	125	36.00	17	47	36.17	35	55	63.64	142	71.00	31	56	87	43.50	28	39	13	13	32	2	 	 	 
2016	12280	30055	Cal St. Monterey Bay	-	Totals	-	-	-	-	-	400:00	51	125	40.80	16	48	33.33	19	36	52.78	137	68.50	31	52	83	41.50	28	31	13	4	42	2	4	 	 
2016	12280	30055	Cal St. Monterey Bay	-	Opponent Totals	-	-	-	-	-	400:00	50	120	41.67	8	35	22.86	30	47	63.83	138	69.00	26	49	75	37.50	16	22	13	6	31	2	 	 	 
2016	12280	995	Caldwell	-	Totals	-	-	-	-	-	800:00	109	255	42.75	30	77	38.96	44	66	66.67	292	73.00	37	92	129	32.25	55	52	28	6	72	4	1	 	 
2016	12280	995	Caldwell	-	Opponent Totals	-	-	-	-	-	800:00	109	263	41.44	22	70	31.43	57	79	72.15	297	74.25	68	114	182	45.50	57	69	30	10	65	4	1	 	 
2016	12280	106	California (PA)	-	Totals	-	-	-	-	-	600:00	79	192	41.15	5	22	22.73	43	58	74.14	206	68.67	43	76	119	39.67	34	40	21	10	59	3	1	 	 
2016	12280	106	California (PA)	-	Opponent Totals	-	-	-	-	-	600:00	80	177	45.20	15	43	34.88	43	59	72.88	218	72.67	29	77	106	35.33	32	43	18	8	64	3	2	 	 
2016	12280	30135	California Baptist	-	Totals	-	-	-	-	-	600:00	92	214	42.99	22	75	29.33	34	45	75.56	240	80.00	42	104	146	48.67	55	45	25	28	35	3	 	 	 
2016	12280	30135	California Baptist	-	Opponent Totals	-	-	-	-	-	600:00	67	228	29.39	24	73	32.88	17	24	70.83	175	58.33	42	71	113	37.67	40	44	24	6	44	3	 	 	 
2016	12280	996	Cameron	-	Totals	-	-	-	-	-	800:00	86	229	37.55	33	102	32.35	42	64	65.62	247	61.75	35	101	136	34.00	35	71	27	7	81	4	2	 	 
2016	12280	996	Cameron	-	Opponent Totals	-	-	-	-	-	800:00	90	244	36.89	29	93	31.18	53	82	64.63	262	65.50	60	117	177	44.25	48	63	27	8	77	4	 	 	 
2016	12280	1000	Carson-Newman	-	Totals	-	-	-	-	-	600:00	83	181	45.86	25	61	40.98	24	41	58.54	215	71.67	34	79	113	37.67	48	49	27	7	63	3	3	 	 
2016	12280	1000	Carson-Newman	-	Opponent Totals	-	-	-	-	-	600:00	71	179	39.66	11	50	22.00	38	61	62.30	191	63.67	43	74	117	39.00	45	49	23	9	48	3	1	 	 
2016	12280	1001	Catawba	-	Totals	-	-	-	-	-	800:00	96	245	39.18	17	62	27.42	70	93	75.27	279	69.75	57	100	157	39.25	50	82	21	2	81	4	1	 	 
2016	12280	1001	Catawba	-	Opponent Totals	-	-	-	-	-	800:00	104	241	43.15	15	46	32.61	66	95	69.47	289	72.25	50	104	154	38.50	49	70	49	17	91	4	3	 	 
2016	12280	30124	Cedarville	-	Totals	-	-	-	-	-	650:00	67	191	35.08	16	53	30.19	14	20	70.00	164	54.67	34	80	114	38.00	38	56	21	7	52	3	 	 	 
2016	12280	30124	Cedarville	-	Opponent Totals	-	-	-	-	-	650:00	67	182	36.81	17	68	25.00	36	47	76.60	187	62.33	38	98	136	45.33	40	52	37	17	46	3	1	 	 
2016	12280	130	Central Mo.	-	Totals	-	-	-	-	-	600:00	76	193	39.38	20	73	27.40	29	46	63.04	201	67.00	38	66	104	34.67	39	49	29	5	62	3	1	 	 
2016	12280	130	Central Mo.	-	Opponent Totals	-	-	-	-	-	600:00	73	170	42.94	18	51	35.29	57	79	72.15	221	73.67	42	87	129	43.00	43	57	22	9	57	3	2	 	 
2016	12280	1009	Central Okla.	-	Totals	-	-	-	-	-	600:00	68	165	41.21	18	63	28.57	49	67	73.13	203	67.67	30	86	116	38.67	39	54	28	11	61	3	1	 	 
2016	12280	1009	Central Okla.	-	Opponent Totals	-	-	-	-	-	601:00	55	177	31.07	19	60	31.67	44	63	69.84	173	57.67	44	77	121	40.33	29	61	18	6	65	3	3	 	 
2016	12280	30049	Central St. (OH)	-	Totals	-	-	-	-	-	400:00	47	124	37.90	14	44	31.82	16	35	45.71	124	62.00	34	53	87	43.50	24	47	20	4	48	2	 	 	 
2016	12280	30049	Central St. (OH)	-	Opponent Totals	-	-	-	-	-	400:00	49	115	42.61	17	43	39.53	41	56	73.21	156	78.00	24	51	75	37.50	33	37	24	4	33	2	 	 	 
2016	12280	1010	Central Wash.	-	Totals	-	-	-	-	-	800:00	96	222	43.24	22	62	35.48	44	65	67.69	258	64.50	48	112	160	40.00	72	65	28	19	69	4	1	 	 
2016	12280	1010	Central Wash.	-	Opponent Totals	-	-	-	-	-	800:00	72	225	32.00	20	72	27.78	49	75	65.33	213	53.25	49	84	133	33.25	35	60	42	9	81	4	2	 	 
2016	12280	1012	Chadron St.	-	Totals	-	-	-	-	-	399:00	36	114	31.58	6	38	15.79	27	39	69.23	105	52.50	28	48	76	38.00	15	54	18	6	35	2	1	 	 
2016	12280	1012	Chadron St.	-	Opponent Totals	-	-	-	-	-	400:00	58	147	39.46	18	67	26.87	29	34	85.29	163	81.50	38	56	94	47.00	34	35	33	9	43	2	 	 	 
2016	12280	133	Chaminade	-	Totals	-	-	-	-	-	200:00	25	60	41.67	3	13	23.08	10	20	50.00	63	63.00	12	24	36	36.00	9	18	7	2	17	1	 	 	 
2016	12280	133	Chaminade	-	Opponent Totals	-	-	-	-	-	200:00	31	74	41.89	6	23	26.09	14	18	77.78	82	82.00	18	27	45	45.00	13	14	9	2	16	1	 	 	 
2016	12280	1013	Charleston (WV)	-	Totals	-	-	-	-	-	625:00	72	169	42.60	24	77	31.17	50	73	68.49	218	72.67	36	61	97	32.33	40	44	23	10	68	3	3	 	 
2016	12280	1013	Charleston (WV)	-	Opponent Totals	-	-	-	-	-	625:00	73	168	43.45	26	71	36.62	48	63	76.19	220	73.33	37	70	107	35.67	50	49	19	8	65	3	2	 	 
2016	12280	135	Cheyney	-	Totals	-	-	-	-	-	400:00	43	106	40.57	9	23	39.13	28	45	62.22	123	61.50	20	42	62	31.00	15	43	21	3	42	2	 	 	 
2016	12280	135	Cheyney	-	Opponent Totals	-	-	-	-	-	400:00	58	132	43.94	12	40	30.00	27	37	72.97	155	77.50	35	51	86	43.00	39	36	16	8	45	2	 	 	 
2016	12280	95	Chico St.	-	Totals	-	-	-	-	-	600:00	68	148	45.95	12	46	26.09	37	54	68.52	185	61.67	20	74	94	31.33	38	56	46	6	49	3	 	 	 
2016	12280	95	Chico St.	-	Opponent Totals	-	-	-	-	-	602:00	50	143	34.97	7	37	18.92	32	45	71.11	139	46.33	25	64	89	29.67	25	71	27	1	53	3	 	 	 
2016	12280	8875	Chowan	-	Totals	-	-	-	-	-	600:00	70	192	36.46	9	38	23.68	45	67	67.16	194	64.67	55	77	132	44.00	36	48	30	6	53	3	2	 	 
2016	12280	8875	Chowan	-	Opponent Totals	-	-	-	-	-	600:00	64	154	41.56	12	37	32.43	37	57	64.91	177	59.00	22	76	98	32.67	30	59	23	9	66	3	2	 	 
2016	12280	30058	Claflin	-	Totals	-	-	-	-	-	600:00	71	194	36.60	18	61	29.51	26	43	60.47	186	62.00	50	74	124	41.33	25	43	21	19	67	3	1	 	 
2016	12280	30058	Claflin	-	Opponent Totals	-	-	-	-	-	601:00	59	149	39.60	12	42	28.57	52	67	77.61	182	60.67	23	82	105	35.00	29	44	15	6	51	3	1	 	 
2016	12280	143	Clarion	-	Totals	-	-	-	-	-	600:00	69	201	34.33	21	76	27.63	34	48	70.83	193	64.33	51	72	123	41.00	37	37	20	12	73	3	1	 	 
2016	12280	143	Clarion	-	Opponent Totals	-	-	-	-	-	600:00	75	167	44.91	16	46	34.78	65	91	221.45	231	77.00	33	87	120	40.00	45	40	17	5	51	3	 	 	 
2016	12280	144	Clark Atlanta	-	Totals	-	-	-	-	-	600:00	80	191	41.88	15	43	34.88	45	61	73.77	220	73.33	42	62	104	34.67	31	48	31	5	59	3	2	 	 
2016	12280	144	Clark Atlanta	-	Opponent Totals	-	-	-	-	-	600:00	99	182	54.40	14	36	38.89	41	62	66.13	253	84.33	32	80	112	37.33	48	51	26	9	54	3	1	 	 
2016	12280	20576	Clayton St.	-	Totals	-	-	-	-	-	600:00	86	181	47.51	15	46	32.61	44	65	67.69	231	77.00	38	71	109	36.33	44	61	33	12	63	3	1	 	 
2016	12280	20576	Clayton St.	-	Opponent Totals	-	-	-	-	-	600:00	67	161	41.61	9	44	20.45	47	75	62.67	190	63.33	38	69	107	35.67	31	82	31	1	56	3	 	 	 
2016	12280	1023	Coker	-	Totals	-	-	-	-	-	826:00	95	257	36.96	19	82	23.17	49	71	69.01	258	64.50	56	114	170	42.50	47	96	31	5	87	4	3	 	 
2016	12280	1023	Coker	-	Opponent Totals	-	-	-	-	-	827:00	113	271	41.70	17	64	26.56	73	103	70.87	316	79.00	52	111	163	40.75	55	60	51	10	72	4	 	 	 
2016	12280	11403	Colo. Christian	-	Totals	-	-	-	-	-	400:00	54	142	38.03	9	37	24.32	24	36	66.67	141	70.50	41	45	86	43.00	29	41	28	5	52	2	3	 	 
2016	12280	11403	Colo. Christian	-	Opponent Totals	-	-	-	-	-	400:00	41	117	35.04	17	55	30.91	43	59	72.88	142	71.00	36	52	88	44.00	25	47	11	4	38	2	 	 	 
2016	12280	11416	Colorado Mesa	-	Totals	-	-	-	-	-	400:00	45	113	39.82	14	42	33.33	19	27	70.37	123	61.50	18	55	73	36.50	30	34	12	9	37	2	2	 	 
2016	12280	11416	Colorado Mesa	-	Opponent Totals	-	-	-	-	-	400:00	40	112	35.71	12	27	44.44	33	47	70.21	125	62.50	25	50	75	37.50	26	31	27	10	37	2	1	 	 
2016	12280	155	Colorado Mines	-	Totals	-	-	-	-	-	401:00	30	110	27.27	8	27	29.63	21	33	63.64	89	44.50	25	47	72	36.00	18	43	12	5	36	2	 	 	 
2016	12280	155	Colorado Mines	-	Opponent Totals	-	-	-	-	-	400:00	50	111	45.05	22	53	41.51	19	20	95.00	141	70.50	12	56	68	34.00	41	32	26	8	43	2	 	 	 
2016	12280	2720	Colorado St.-Pueblo	-	Totals	-	-	-	-	-	200:00	17	65	26.15	4	19	21.05	5	16	31.25	43	43.00	16	15	31	31.00	6	11	12	1	18	1	 	 	 
2016	12280	2720	Colorado St.-Pueblo	-	Opponent Totals	-	-	-	-	-	200:00	24	48	50.00	4	15	26.67	16	19	84.21	68	68.00	11	36	47	47.00	9	23	5	6	18	1	 	 	 
2016	12280	159	Columbus St.	-	Totals	-	-	-	-	-	600:00	90	215	41.86	18	51	35.29	29	45	64.44	227	75.67	54	84	138	46.00	45	31	37	8	47	3	 	 	 
2016	12280	159	Columbus St.	-	Opponent Totals	-	-	-	-	-	600:00	48	154	31.17	8	40	20.00	36	55	65.45	140	46.67	32	79	111	37.00	16	69	16	5	52	3	2	 	 
2016	12280	1028	Concord	-	Totals	-	-	-	-	-	600:00	64	190	33.68	15	49	30.61	16	18	88.89	159	53.00	39	79	118	39.33	38	51	23	4	45	3	 	 	 
2016	12280	1028	Concord	-	Opponent Totals	-	-	-	-	-	600:00	69	188	36.70	17	57	29.82	26	45	57.78	181	60.33	47	89	136	45.33	36	58	14	9	37	3	 	 	 
2016	12280	30199	Concordia (CA)	-	Totals	-	-	-	-	-	600:00	56	173	32.37	12	46	26.09	33	60	55.00	157	52.33	45	86	131	43.67	25	74	12	12	66	3	 	 	 
2016	12280	30199	Concordia (CA)	-	Opponent Totals	-	-	-	-	-	600:00	87	201	43.28	24	63	38.10	43	59	72.88	241	80.33	34	83	117	39.00	48	36	36	6	68	3	2	 	 
2016	12280	162	Concordia (NY)	-	Totals	-	-	-	-	-	600:00	59	166	35.54	16	55	29.09	44	62	70.97	178	59.33	35	75	110	36.67	26	67	21	9	64	3	1	 	 
2016	12280	162	Concordia (NY)	-	Opponent Totals	-	-	-	-	-	600:00	85	206	41.26	8	47	17.02	42	62	67.74	220	73.33	58	82	140	46.67	39	51	34	13	58	3	1	 	 
2016	12280	30200	Concordia Portland	-	Totals	-	-	-	-	-	600:00	66	172	38.37	15	58	25.86	37	50	74.00	184	61.33	38	65	103	34.33	35	44	24	7	46	3	 	 	 
2016	12280	30200	Concordia Portland	-	Opponent Totals	-	-	-	-	-	600:00	73	180	40.56	20	59	33.90	24	42	57.14	190	63.33	47	75	122	40.67	47	49	20	5	56	3	2	 	 
2016	12280	9081	Concordia-St. Paul	-	Totals	-	-	-	-	-	625:00	87	228	38.16	16	63	25.40	47	78	60.26	237	79.00	61	92	153	51.00	46	39	34	13	59	3	2	 	 
2016	12280	9081	Concordia-St. Paul	-	Opponent Totals	-	-	-	-	-	625:00	65	176	36.93	20	57	35.09	49	76	64.47	199	66.33	34	97	131	43.67	31	59	23	6	70	3	1	 	 
2016	12280	8935	Converse	-	Totals	-	-	-	-	-	200:00	34	73	46.58	3	14	21.43	9	12	75.00	80	80.00	11	26	37	37.00	24	19	14	1	16	1	 	 	 
2016	12280	8935	Converse	-	Opponent Totals	-	-	-	-	-	200:00	29	64	45.31	10	27	37.04	11	17	64.71	79	79.00	11	29	40	40.00	18	24	13	2	13	1	 	 	 
2016	12280	30174	Daemen	-	Totals	-	-	-	-	-	600:00	75	214	35.05	19	83	22.89	31	46	67.39	200	66.67	46	109	155	51.67	40	51	28	10	54	3	 	 	 
2016	12280	30174	Daemen	-	Opponent Totals	-	-	-	-	-	600:00	73	210	34.76	15	47	31.91	38	58	65.52	199	66.33	36	98	134	44.67	32	44	27	8	47	3	2	 	 
2016	12280	174	Davis & Elkins	-	Totals	-	-	-	-	-	800:00	77	230	33.48	26	100	26.00	34	53	64.15	214	53.50	50	101	151	37.75	40	82	33	8	71	4	1	 	 
2016	12280	174	Davis & Elkins	-	Opponent Totals	-	-	-	-	-	800:00	102	250	40.80	22	80	27.50	60	82	73.17	286	71.50	59	107	166	41.50	62	55	47	8	61	4	1	 	 
2016	12280	186	Dist. Columbia	-	Totals	-	-	-	-	-	400:00	43	123	34.96	10	41	24.39	29	45	64.44	125	62.50	43	45	88	44.00	23	39	12	 	34	2	 	 	 
2016	12280	186	Dist. Columbia	-	Opponent Totals	-	-	-	-	-	400:00	47	104	45.19	8	29	27.59	29	46	63.04	131	65.50	19	44	63	31.50	29	38	18	3	41	2	 	 	 
2016	12280	30095	Dixie St.	-	Totals	-	-	-	-	-	400:00	43	129	33.33	7	29	24.14	32	53	60.38	125	62.50	35	43	78	39.00	22	60	17	10	58	2	4	 	 
2016	12280	30095	Dixie St.	-	Opponent Totals	-	-	-	-	-	400:00	67	148	45.27	13	43	30.23	58	78	74.36	205	102.50	48	57	105	52.50	46	38	30	10	42	2	2	 	 
2016	12280	30118	Dominican (CA)	-	Totals	-	-	-	-	-	600:00	98	210	46.67	19	59	32.20	34	64	53.12	249	83.00	44	86	130	43.33	40	36	27	18	51	3	2	 	 
2016	12280	30118	Dominican (CA)	-	Opponent Totals	-	-	-	-	-	600:00	59	172	34.30	22	66	33.33	42	71	59.15	182	60.67	35	84	119	39.67	31	58	17	6	61	3	3	 	 
2016	12280	8956	Dominican (NY)	-	Totals	-	-	-	-	-	600:00	76	186	40.86	14	41	34.15	40	58	68.97	206	68.67	41	65	106	35.33	39	52	30	11	62	3	2	 	 
2016	12280	8956	Dominican (NY)	-	Opponent Totals	-	-	-	-	-	599:00	73	166	43.98	20	45	44.44	55	71	77.46	221	73.67	38	80	118	39.33	49	62	25	9	56	3	2	 	 
2016	12280	1057	Drury	-	Totals	-	-	-	-	-	200:00	25	48	52.08	8	15	53.33	26	33	78.79	84	84.00	6	28	34	34.00	11	16	6	5	26	1	2	 	 
2016	12280	1057	Drury	-	Opponent Totals	-	-	-	-	-	200:00	24	63	38.10	5	15	33.33	16	25	64.00	69	69.00	14	20	34	34.00	15	14	7	5	28	1	1	 	 
2016	12280	8965	East Central	-	Totals	-	-	-	-	-	400:00	40	111	36.04	19	56	33.93	9	15	60.00	108	54.00	29	36	65	32.50	21	31	19	2	39	2	1	 	 
2016	12280	8965	East Central	-	Opponent Totals	-	-	-	-	-	400:00	49	95	51.58	7	24	29.17	21	35	60.00	126	63.00	17	44	61	30.50	23	36	17	 	25	2	 	 	 
2016	12280	197	East Stroudsburg	-	Totals	-	-	-	-	-	601:00	66	199	33.17	12	59	20.34	33	51	64.71	177	59.00	41	81	122	40.67	35	49	21	13	68	3	2	 	 
2016	12280	197	East Stroudsburg	-	Opponent Totals	-	-	-	-	-	600:00	79	186	42.47	19	54	35.19	52	73	71.23	229	76.33	39	98	137	45.67	55	49	25	17	57	3	1	 	 
2016	12280	206	Eastern N.M.	-	Totals	-	-	-	-	-	800:00	99	269	36.80	23	76	30.26	47	74	63.51	268	67.00	53	108	161	40.25	55	53	35	14	97	4	2	 	 
2016	12280	206	Eastern N.M.	-	Opponent Totals	-	-	-	-	-	800:00	86	227	37.89	29	76	38.16	74	105	70.48	275	68.75	48	129	177	44.25	55	70	23	13	87	4	 	 	 
2016	12280	208	Eckerd	-	Totals	-	-	-	-	-	825:00	81	217	37.33	17	71	23.94	52	81	64.20	231	57.75	45	118	163	40.75	39	55	20	4	71	4	1	 	 
2016	12280	208	Eckerd	-	Opponent Totals	-	-	-	-	-	825:00	70	222	31.53	25	86	29.07	42	66	63.64	207	51.75	38	104	142	35.50	33	50	24	4	84	4	2	 	 
2016	12280	209	Edinboro	-	Totals	-	-	-	-	-	800:00	106	254	41.73	27	77	35.06	44	65	67.69	283	70.75	67	111	178	44.50	78	59	24	22	61	4	1	 	 
2016	12280	209	Edinboro	-	Opponent Totals	-	-	-	-	-	800:00	93	243	38.27	16	68	23.53	46	64	71.88	248	62.00	50	88	138	34.50	41	51	30	13	70	4	4	 	 
2016	12280	210	Elizabeth City St.	-	Totals	-	-	-	-	-	400:00	39	112	34.82	9	32	28.12	17	34	50.00	104	52.00	24	34	58	29.00	27	40	13	8	38	2	2	 	 
2016	12280	210	Elizabeth City St.	-	Opponent Totals	-	-	-	-	-	400:00	45	120	37.50	14	44	31.82	42	55	76.36	146	73.00	41	56	97	48.50	24	39	26	7	42	2	 	 	 
2016	12280	9680	Embry-Riddle (FL)	-	Totals	-	-	-	-	-	425:00	52	125	41.60	6	35	17.14	28	35	80.00	138	69.00	22	59	81	40.50	31	41	36	12	36	2	 	 	 
2016	12280	9680	Embry-Riddle (FL)	-	Opponent Totals	-	-	-	-	-	425:00	33	118	27.97	2	18	11.11	16	23	69.57	84	42.00	35	52	87	43.50	6	62	17	2	40	2	2	 	 
2016	12280	30193	Emmanuel (GA)	-	Totals	-	-	-	-	-	400:00	54	118	45.76	15	41	36.59	34	45	75.56	157	78.50	26	66	92	46.00	27	34	12	2	34	2	1	 	 
2016	12280	30193	Emmanuel (GA)	-	Opponent Totals	-	-	-	-	-	400:00	41	125	32.80	8	41	19.51	32	45	71.11	122	61.00	26	41	67	33.50	12	32	15	4	39	2	 	 	 
2016	12280	1071	Emporia St.	-	Totals	-	-	-	-	-	600:00	88	212	41.51	25	78	32.05	37	50	74.00	238	79.33	47	111	158	52.67	42	54	27	13	61	3	2	 	 
2016	12280	1071	Emporia St.	-	Opponent Totals	-	-	-	-	-	600:00	59	181	32.60	15	57	26.32	43	61	70.49	176	58.67	21	81	102	34.00	29	54	19	14	49	3	1	 	 
2016	12280	1072	Erskine	-	Totals	-	-	-	-	-	600:00	68	169	40.24	13	40	32.50	42	62	67.74	191	63.67	39	77	116	38.67	34	62	16	11	80	3	3	 	 
2016	12280	1072	Erskine	-	Opponent Totals	-	-	-	-	-	600:00	81	197	41.12	18	57	31.58	66	94	70.21	246	82.00	55	81	136	45.33	37	39	30	5	56	3	1	 	 
2016	12280	1076	Fairmont St.	-	Totals	-	-	-	-	-	602:00	86	169	50.89	12	51	23.53	36	48	75.00	220	73.33	23	79	102	34.00	47	51	23	6	45	3	1	 	 
2016	12280	1076	Fairmont St.	-	Opponent Totals	-	-	-	-	-	600:00	77	177	43.50	14	48	29.17	18	36	50.00	186	62.00	30	66	96	32.00	39	54	21	2	63	3	2	 	 
2016	12280	223	Fayetteville St.	-	Totals	-	-	-	-	-	800:00	103	237	43.46	20	58	34.48	27	53	50.94	253	63.25	55	92	147	36.75	53	69	30	16	67	4	2	 	 
2016	12280	223	Fayetteville St.	-	Opponent Totals	-	-	-	-	-	800:00	96	231	41.56	20	58	34.48	36	51	70.59	248	62.00	48	90	138	34.50	55	62	26	9	53	4	2	 	 
2016	12280	23157	Felician	-	Totals	-	-	-	-	-	200:00	24	61	39.34	9	17	52.94	4	7	57.14	61	61.00	12	31	43	43.00	13	30	6	6	26	1	2	 	 
2016	12280	23157	Felician	-	Opponent Totals	-	-	-	-	-	200:00	24	69	34.78	5	17	29.41	25	29	86.21	78	78.00	16	26	42	42.00	12	15	14	1	11	1	 	 	 
2016	12280	224	Ferris St.	-	Totals	-	-	-	-	-	400:00	44	124	35.48	6	30	20.00	19	39	48.72	113	56.50	25	51	76	38.00	24	44	21	7	42	2	2	 	 
2016	12280	224	Ferris St.	-	Opponent Totals	-	-	-	-	-	400:00	45	122	36.89	14	40	35.00	43	51	84.31	147	73.50	30	65	95	47.50	23	39	17	5	38	2	 	 	 
2016	12280	1079	Findlay	-	Totals	-	-	-	-	-	600:00	93	191	48.69	25	56	44.64	30	49	61.22	241	80.33	45	96	141	47.00	51	62	28	10	63	3	1	 	 
2016	12280	1079	Findlay	-	Opponent Totals	-	-	-	-	-	600:00	58	174	33.33	15	61	24.59	29	48	60.42	160	53.33	29	62	91	30.33	26	59	18	2	56	3	 	 	 
2016	12280	233	Fla. Southern	-	Totals	-	-	-	-	-	800:00	130	253	51.38	25	52	48.08	52	75	69.33	337	84.25	46	105	151	37.75	70	55	37	9	69	4	 	 	 
2016	12280	233	Fla. Southern	-	Opponent Totals	-	-	-	-	-	800:00	95	232	40.95	22	67	32.84	45	78	57.69	257	64.25	48	84	132	33.00	47	67	26	7	74	4	1	 	 
2016	12280	30092	Flagler	-	Totals	-	-	-	-	-	400:00	47	131	35.88	8	33	24.24	24	37	64.86	126	63.00	28	49	77	38.50	24	18	23	3	33	2	2	 	 
2016	12280	30092	Flagler	-	Opponent Totals	-	-	-	-	-	400:00	38	113	33.63	7	45	15.56	25	33	75.76	108	54.00	30	62	92	46.00	29	39	12	8	42	2	 	 	 
2016	12280	230	Florida Tech	-	Totals	-	-	-	-	-	600:00	65	171	38.01	10	28	35.71	62	86	72.09	202	67.33	46	73	119	39.67	30	44	30	11	45	3	 	 	 
2016	12280	230	Florida Tech	-	Opponent Totals	-	-	-	-	-	600:00	64	164	39.02	20	62	32.26	28	41	68.29	176	58.67	34	70	104	34.67	42	55	14	13	71	3	3	 	 
2016	12280	9011	Fort Hays St.	-	Totals	-	-	-	-	-	800:00	90	256	35.16	17	80	21.25	59	81	72.84	256	64.00	59	83	142	35.50	43	40	44	4	68	4	1	 	 
2016	12280	9011	Fort Hays St.	-	Opponent Totals	-	-	-	-	-	800:00	69	177	38.98	16	57	28.07	41	51	80.39	195	48.75	27	117	144	36.00	38	99	12	7	83	4	1	 	 
2016	12280	1083	Fort Lewis	-	Totals	-	-	-	-	-	601:00	72	198	36.36	21	65	32.31	44	59	74.58	209	69.67	45	90	135	45.00	44	39	23	4	60	3	 	 	 
2016	12280	1083	Fort Lewis	-	Opponent Totals	-	-	-	-	-	600:00	59	171	34.50	11	55	20.00	35	51	68.63	164	54.67	30	87	117	39.00	33	57	24	5	58	3	1	 	 
2016	12280	237	Fort Valley St.	-	Totals	-	-	-	-	-	800:00	67	256	26.17	13	61	21.31	37	66	56.06	184	46.00	69	96	165	41.25	27	85	44	8	108	4	6	 	 
2016	12280	237	Fort Valley St.	-	Opponent Totals	-	-	-	-	-	800:00	91	229	39.74	19	64	29.69	75	100	75.00	276	69.00	51	129	180	45.00	54	83	41	14	61	4	 	 	 
2016	12280	1085	Francis Marion	-	Totals	-	-	-	-	-	600:00	70	181	38.67	15	34	44.12	53	71	74.65	208	69.33	44	63	107	35.67	30	39	34	7	48	3	 	 	 
2016	12280	1085	Francis Marion	-	Opponent Totals	-	-	-	-	-	600:00	70	163	42.94	19	44	43.18	24	36	66.67	183	61.00	37	74	111	37.00	41	65	19	14	60	3	4	 	 
2016	12280	241	Franklin Pierce	-	Totals	-	-	-	-	-	200:00	21	63	33.33	6	21	28.57	20	23	86.96	68	68.00	18	34	52	52.00	14	18	10	5	17	1	 	 	 
2016	12280	241	Franklin Pierce	-	Opponent Totals	-	-	-	-	-	200:00	19	69	27.54	5	19	26.32	10	14	71.43	53	53.00	19	26	45	45.00	9	17	7	1	19	1	 	 	 
2016	12280	30147	Fresno Pacific	-	Totals	-	-	-	-	-	600:00	49	146	33.56	8	36	22.22	21	35	60.00	127	42.33	20	46	66	22.00	25	58	16	4	46	3	2	 	 
2016	12280	30147	Fresno Pacific	-	Opponent Totals	-	-	-	-	-	600:00	104	199	52.26	18	47	38.30	38	51	74.51	264	88.00	51	89	140	46.67	65	37	33	13	38	3	 	 	 
2016	12280	1097	Ga. Southwestern	-	Totals	-	-	-	-	-	800:00	99	230	43.04	18	62	29.03	68	90	75.56	284	71.00	55	114	169	42.25	53	74	33	16	77	4	 	 	 
2016	12280	1097	Ga. Southwestern	-	Opponent Totals	-	-	-	-	-	799:00	75	227	33.04	20	65	30.77	47	67	70.15	217	54.25	46	87	133	33.25	49	81	31	3	85	4	3	 	 
2016	12280	246	Gannon	-	Totals	-	-	-	-	-	800:00	96	228	42.11	24	72	33.33	75	93	80.65	291	72.75	53	111	164	41.00	59	70	33	12	56	4	 	 	 
2016	12280	246	Gannon	-	Opponent Totals	-	-	-	-	-	800:00	93	250	37.20	26	87	29.89	24	43	55.81	236	59.00	55	86	141	35.25	55	67	32	10	87	4	2	 	 
2016	12280	1096	Georgia College	-	Totals	-	-	-	-	-	599:00	65	180	36.11	13	54	24.07	41	64	64.06	184	61.33	36	88	124	41.33	40	57	26	7	51	3	 	 	 
2016	12280	1096	Georgia College	-	Opponent Totals	-	-	-	-	-	600:00	62	188	32.98	17	65	26.15	37	54	68.52	178	59.33	40	90	130	43.33	28	61	30	2	64	3	2	 	 
2016	12280	9004	Georgian Court	-	Totals	-	-	-	-	-	600:00	61	180	33.89	23	65	35.38	18	31	58.06	163	54.33	43	73	116	38.67	33	67	12	5	54	3	5	 	 
2016	12280	9004	Georgian Court	-	Opponent Totals	-	-	-	-	-	600:00	107	228	46.93	25	71	35.21	32	54	59.26	271	90.33	60	80	140	46.67	69	32	30	4	40	3	 	 	 
2016	12280	1098	Glenville St.	-	Totals	-	-	-	-	-	400:00	70	187	37.43	29	97	29.90	24	40	60.00	193	96.50	39	56	95	47.50	40	48	41	2	52	2	1	 	 
2016	12280	1098	Glenville St.	-	Opponent Totals	-	-	-	-	-	400:00	67	136	49.26	8	19	42.11	40	66	60.61	182	91.00	29	86	115	57.50	37	76	19	1	36	2	1	 	 
2016	12280	8366	Goldey-Beacom	-	Totals	-	-	-	-	-	800:00	92	240	38.33	28	77	36.36	29	37	78.38	241	60.25	39	93	132	33.00	45	65	20	10	59	4	1	 	 
2016	12280	8366	Goldey-Beacom	-	Opponent Totals	-	-	-	-	-	800:00	124	266	46.62	23	70	32.86	38	56	67.86	309	77.25	57	115	172	43.00	61	47	32	16	45	4	 	 	 
2016	12280	262	Grand Valley St.	-	Totals	-	-	-	-	-	601:00	82	204	40.20	28	83	33.73	32	44	72.73	224	74.67	46	76	122	40.67	43	33	37	6	57	3	 	 	 
2016	12280	262	Grand Valley St.	-	Opponent Totals	-	-	-	-	-	601:00	60	159	37.74	18	53	33.96	38	47	80.85	176	58.67	27	83	110	36.67	33	61	15	10	53	3	 	 	 
2016	12280	1116	Harding	-	Totals	-	-	-	-	-	400:00	45	108	41.67	12	33	36.36	27	40	67.50	129	64.50	16	65	81	40.50	24	35	10	8	45	2	 	 	 
2016	12280	1116	Harding	-	Opponent Totals	-	-	-	-	-	400:00	38	115	33.04	11	45	24.44	21	31	67.74	108	54.00	20	49	69	34.50	17	34	10	2	36	2	 	 	 
2016	12280	2697	Hawaii Hilo	-	Totals	-	-	-	-	-	600:00	44	152	28.95	13	55	23.64	26	42	61.90	127	42.33	25	58	83	27.67	28	74	13	4	55	3	 	 	 
2016	12280	2697	Hawaii Hilo	-	Opponent Totals	-	-	-	-	-	600:00	98	182	53.85	24	69	34.78	39	61	63.93	259	86.33	38	90	128	42.67	61	56	40	5	64	3	1	 	 
2016	12280	2696	Hawaii Pacific	-	Totals	-	-	-	-	-	600:00	67	159	42.14	20	54	37.04	33	58	56.90	187	62.33	34	72	106	35.33	49	54	16	4	47	3	 	 	 
2016	12280	2696	Hawaii Pacific	-	Opponent Totals	-	-	-	-	-	600:00	73	184	39.67	15	60	25.00	20	31	64.52	181	60.33	41	65	106	35.33	37	48	20	11	61	3	3	 	 
2016	12280	1123	Henderson St.	-	Totals	-	-	-	-	-	600:00	82	180	45.56	14	42	33.33	56	84	66.67	234	78.00	40	82	122	40.67	33	63	22	11	85	3	7	 	 
2016	12280	1123	Henderson St.	-	Opponent Totals	-	-	-	-	-	600:00	79	203	38.92	18	58	31.03	59	88	67.05	235	78.33	48	69	117	39.00	46	50	24	13	71	3	1	 	 
2016	12280	280	Hillsdale	-	Totals	-	-	-	-	-	400:00	49	128	38.28	14	43	32.56	34	47	72.34	146	73.00	35	51	86	43.00	29	45	32	3	49	2	 	 	 
2016	12280	280	Hillsdale	-	Opponent Totals	-	-	-	-	-	400:00	41	109	37.61	13	38	34.21	21	38	55.26	116	58.00	21	55	76	38.00	33	54	16	3	41	2	 	 	 
2016	12280	1126	Holy Family	-	Totals	-	-	-	-	-	600:00	74	206	35.92	26	66	39.39	38	55	69.09	212	70.67	33	66	99	33.00	55	35	22	2	47	3	2	 	 
2016	12280	1126	Holy Family	-	Opponent Totals	-	-	-	-	-	600:00	85	185	45.95	21	53	39.62	33	49	67.35	224	74.67	41	104	145	48.33	58	60	17	8	67	3	5	 	 
2016	12280	30175	Holy Names	-	Totals	-	-	-	-	-	400:00	37	106	34.91	7	30	23.33	11	15	73.33	92	46.00	19	43	62	31.00	16	38	12	1	39	2	 	 	 
2016	12280	30175	Holy Names	-	Opponent Totals	-	-	-	-	-	400:00	44	99	44.44	1	15	6.67	25	40	62.50	114	57.00	18	51	69	34.50	22	36	23	3	26	2	1	 	 
2016	12280	291	Humboldt St.	-	Totals	-	-	-	-	-	800:00	87	256	33.98	25	70	35.71	52	70	74.29	251	62.75	59	90	149	37.25	56	58	26	9	64	4	 	 	 
2016	12280	291	Humboldt St.	-	Opponent Totals	-	-	-	-	-	800:00	115	259	44.40	21	65	32.31	49	62	79.03	300	75.00	64	115	179	44.75	63	64	34	21	67	4	2	 	 
2016	12280	30050	Ill.-Springfield	-	Totals	-	-	-	-	-	600:00	67	178	37.64	16	68	23.53	25	40	62.50	175	58.33	38	70	108	36.00	49	55	31	10	47	3	 	 	 
2016	12280	30050	Ill.-Springfield	-	Opponent Totals	-	-	-	-	-	599:00	59	158	37.34	9	46	19.57	36	46	78.26	163	54.33	35	78	113	37.67	38	69	28	2	48	3	 	 	 
2016	12280	307	Indiana (PA)	-	Totals	-	-	-	-	-	600:00	84	196	42.86	20	64	31.25	43	55	78.18	231	77.00	43	78	121	40.33	51	43	20	17	59	3	2	 	 
2016	12280	307	Indiana (PA)	-	Opponent Totals	-	-	-	-	-	600:00	69	181	38.12	8	36	22.22	41	61	67.21	187	62.33	39	72	111	37.00	34	51	13	10	59	3	1	 	 
2016	12280	323	Johnson C. Smith	-	Totals	-	-	-	-	-	600:00	95	191	49.74	11	35	31.43	42	77	54.55	243	81.00	46	101	147	49.00	55	68	31	5	59	3	1	 	 
2016	12280	323	Johnson C. Smith	-	Opponent Totals	-	-	-	-	-	600:00	72	210	34.29	24	88	27.27	32	52	61.54	200	66.67	46	70	116	38.67	39	64	25	4	65	3	1	 	 
2016	12280	332	Kentucky St.	-	Totals	-	-	-	-	-	400:00	61	135	45.19	16	45	35.56	28	40	70.00	166	83.00	24	60	84	42.00	38	29	21	6	33	2	 	 	 
2016	12280	332	Kentucky St.	-	Opponent Totals	-	-	-	-	-	400:00	43	129	33.33	13	48	27.08	28	36	77.78	127	63.50	28	52	80	40.00	21	37	13	1	38	2	 	 	 
2016	12280	30051	King (TN)	-	Totals	-	-	-	-	-	825:00	85	218	38.99	22	69	31.88	69	119	57.98	261	65.25	47	118	165	41.25	42	79	34	9	70	4	 	 	 
2016	12280	30051	King (TN)	-	Opponent Totals	-	-	-	-	-	825:00	109	270	40.37	21	75	28.00	24	55	43.64	263	65.75	55	112	167	41.75	49	69	36	11	103	4	5	 	 
2016	12280	339	Kutztown	-	Totals	-	-	-	-	-	400:00	59	140	42.14	10	31	32.26	21	33	63.64	149	74.50	32	60	92	46.00	41	31	15	7	40	2	 	 	 
2016	12280	339	Kutztown	-	Opponent Totals	-	-	-	-	-	400:00	44	124	35.48	10	32	31.25	23	37	62.16	121	60.50	25	55	80	40.00	26	36	15	4	38	2	1	 	 
2016	12280	333	Ky. Wesleyan	-	Totals	-	-	-	-	-	600:00	56	190	29.47	18	71	25.35	47	64	73.44	177	59.00	47	72	119	39.67	20	56	22	4	57	3	 	 	 
2016	12280	333	Ky. Wesleyan	-	Opponent Totals	-	-	-	-	-	600:00	83	191	43.46	23	54	42.59	25	46	54.35	214	71.33	42	94	136	45.33	51	67	27	9	66	3	2	 	 
2016	12280	362	LIU Post	-	Totals	-	-	-	-	-	600:00	66	176	37.50	13	45	28.89	27	54	50.00	172	57.33	40	81	121	40.33	41	63	22	3	63	3	2	 	 
2016	12280	362	LIU Post	-	Opponent Totals	-	-	-	-	-	600:00	72	174	41.38	11	48	22.92	43	64	67.19	198	66.00	33	77	110	36.67	48	53	29	9	57	3	1	 	 
2016	12280	2746	Lake Erie	-	Totals	-	-	-	-	-	800:00	104	279	37.28	22	86	25.58	60	85	70.59	290	72.50	59	108	167	41.75	52	69	52	5	87	4	1	 	 
2016	12280	2746	Lake Erie	-	Opponent Totals	-	-	-	-	-	800:00	90	236	38.14	24	78	30.77	67	97	69.07	271	67.75	52	129	181	45.25	49	97	34	6	83	4	4	 	 
2016	12280	345	Lake Superior St.	-	Totals	-	-	-	-	-	599:00	49	147	33.33	13	71	18.31	20	33	60.61	131	43.67	31	61	92	30.67	38	64	17	2	58	3	1	 	 
2016	12280	345	Lake Superior St.	-	Opponent Totals	-	-	-	-	-	600:00	64	150	42.67	5	29	17.24	45	61	73.77	178	59.33	34	71	105	35.00	34	52	35	6	53	3	1	 	 
2016	12280	1167	Lander	-	Totals	-	-	-	-	-	600:00	77	218	35.32	9	62	14.52	36	62	58.06	199	66.33	62	60	122	40.67	38	42	30	5	44	3	1	 	 
2016	12280	1167	Lander	-	Opponent Totals	-	-	-	-	-	600:00	78	173	45.09	16	48	33.33	23	37	62.16	195	65.00	47	93	140	46.67	49	78	21	12	63	3	1	 	 
2016	12280	347	Lane	-	Totals	-	-	-	-	-	400:00	37	97	38.14	5	23	21.74	32	45	71.11	111	55.50	17	51	68	34.00	13	45	17	3	55	2	2	 	 
2016	12280	347	Lane	-	Opponent Totals	-	-	-	-	-	400:00	45	107	42.06	16	44	36.36	41	66	62.12	147	73.50	17	52	69	34.50	26	28	20	8	40	2	 	 	 
2016	12280	349	Le Moyne	-	Totals	-	-	-	-	-	800:00	110	275	40.00	18	69	26.09	34	59	57.63	272	68.00	81	86	167	41.75	60	60	40	8	81	4	4	 	 
2016	12280	349	Le Moyne	-	Opponent Totals	-	-	-	-	-	800:00	87	210	41.43	29	68	42.65	58	86	67.44	261	65.25	43	95	138	34.50	42	76	22	11	64	4	2	 	 
2016	12280	350	LeMoyne-Owen	-	Totals	-	-	-	-	-	400:00	48	139	34.53	10	28	35.71	14	23	60.87	120	60.00	33	45	78	39.00	24	34	20	3	35	2	 	 	 
2016	12280	350	LeMoyne-Owen	-	Opponent Totals	-	-	-	-	-	401:00	57	125	45.60	5	27	18.52	19	30	63.33	138	69.00	29	61	90	45.00	29	39	17	9	24	2	 	 	 
2016	12280	30013	Lee	-	Totals	-	-	-	-	-	600:00	80	165	48.48	22	53	41.51	40	60	66.67	222	74.00	41	87	128	42.67	54	58	24	10	65	3	3	 	 
2016	12280	30013	Lee	-	Opponent Totals	-	-	-	-	-	600:00	61	163	37.42	23	53	43.40	49	73	67.12	194	64.67	23	52	75	25.00	39	36	26	9	49	3	 	 	 
2016	12280	13302	Lees-McRae	-	Totals	-	-	-	-	-	600:00	59	164	35.98	10	45	22.22	24	57	42.11	152	50.67	29	61	90	30.00	40	59	30	6	54	3	3	 	 
2016	12280	13302	Lees-McRae	-	Opponent Totals	-	-	-	-	-	600:00	81	193	41.97	11	50	22.00	36	56	64.29	209	69.67	57	90	147	49.00	52	59	33	12	55	3	 	 	 
2016	12280	1170	Lenoir-Rhyne	-	Totals	-	-	-	-	-	200:00	23	58	39.66	3	12	25.00	14	18	77.78	63	63.00	11	24	35	35.00	10	17	9	1	21	1	 	 	 
2016	12280	1170	Lenoir-Rhyne	-	Opponent Totals	-	-	-	-	-	201:00	25	59	42.37	4	17	23.53	12	21	57.14	66	66.00	14	26	40	40.00	14	18	10	 	23	1	1	 	 
2016	12280	354	Lewis	-	Totals	-	-	-	-	-	800:00	120	242	49.59	21	55	38.18	52	69	75.36	313	78.25	40	119	159	39.75	65	51	33	18	65	4	 	 	 
2016	12280	354	Lewis	-	Opponent Totals	-	-	-	-	-	800:00	75	235	31.91	25	82	30.49	47	73	64.38	222	55.50	46	94	140	35.00	46	63	25	5	75	4	 	 	 
2016	12280	1174	Limestone	-	Totals	-	-	-	-	-	400:00	58	144	40.28	17	58	29.31	17	26	65.38	150	75.00	32	63	95	47.50	26	18	26	7	33	2	 	 	 
2016	12280	1174	Limestone	-	Opponent Totals	-	-	-	-	-	400:00	38	117	32.48	5	38	13.16	15	29	51.72	96	48.00	23	56	79	39.50	15	37	5	3	31	2	 	 	 
2016	12280	356	Lincoln (MO)	-	Totals	-	-	-	-	-	800:00	107	274	39.05	28	93	30.11	79	95	83.16	321	80.25	66	104	170	42.50	60	57	23	2	83	4	1	 	 
2016	12280	356	Lincoln (MO)	-	Opponent Totals	-	-	-	-	-	800:00	107	258	41.47	22	81	27.16	64	86	74.42	300	75.00	50	99	149	37.25	51	62	30	8	78	4	1	 	 
2016	12280	357	Lincoln (PA)	-	Totals	-	-	-	-	-	600:00	86	181	47.51	11	34	32.35	37	72	51.39	220	73.33	42	90	132	44.00	38	69	19	10	64	3	2	 	 
2016	12280	357	Lincoln (PA)	-	Opponent Totals	-	-	-	-	-	600:00	74	217	34.10	16	71	22.54	56	79	70.89	220	73.33	61	72	133	44.33	36	56	26	11	63	3	1	 	 
2016	12280	1176	Lincoln Memorial	-	Totals	-	-	-	-	-	600:00	78	175	44.57	11	30	36.67	30	45	66.67	197	65.67	55	88	143	47.67	50	81	23	9	62	3	 	 	 
2016	12280	1176	Lincoln Memorial	-	Opponent Totals	-	-	-	-	-	600:00	68	194	35.05	15	52	28.85	29	54	53.70	180	60.00	48	48	96	32.00	37	51	37	9	51	3	3	 	 
2016	12280	30136	Lindenwood (MO)	-	Totals	-	-	-	-	-	600:00	82	173	47.40	21	51	41.18	27	34	79.41	212	70.67	26	64	90	30.00	42	49	35	12	59	3	1	 	 
2016	12280	30136	Lindenwood (MO)	-	Opponent Totals	-	-	-	-	-	600:00	73	165	44.24	15	40	37.50	37	53	69.81	198	66.00	36	66	102	34.00	44	61	34	12	45	3	1	 	 
2016	12280	359	Livingstone	-	Totals	-	-	-	-	-	200:00	21	60	35.00	8	21	38.10	15	22	68.18	65	65.00	19	24	43	43.00	15	25	12	 	19	1	 	 	 
2016	12280	359	Livingstone	-	Opponent Totals	-	-	-	-	-	200:00	26	62	41.94	3	17	17.65	5	10	50.00	60	60.00	13	24	37	37.00	18	27	12	1	20	1	 	 	 
2016	12280	360	Lock Haven	-	Totals	-	-	-	-	-	600:00	62	192	32.29	10	43	23.26	37	54	68.52	171	57.00	45	71	116	38.67	27	49	25	1	62	3	2	 	 
2016	12280	360	Lock Haven	-	Opponent Totals	-	-	-	-	-	600:00	69	168	41.07	10	45	22.22	49	63	77.78	197	65.67	32	92	124	41.33	32	54	26	9	55	3	1	 	 
2016	12280	30177	Lubbock Christian	-	Totals	-	-	-	-	-	600:00	78	161	48.45	24	51	47.06	49	65	75.38	229	76.33	28	112	140	46.67	47	47	21	16	57	3	 	 	 
2016	12280	30177	Lubbock Christian	-	Opponent Totals	-	-	-	-	-	600:00	54	191	28.27	10	55	18.18	24	50	48.00	142	47.33	34	65	99	33.00	23	39	22	5	56	3	 	 	 
2016	12280	20794	Lynn	-	Totals	-	-	-	-	-	800:00	90	251	35.86	14	66	21.21	61	95	64.21	255	63.75	61	82	143	35.75	49	77	36	5	81	4	1	 	 
2016	12280	20794	Lynn	-	Opponent Totals	-	-	-	-	-	800:00	108	228	47.37	11	39	28.21	69	101	68.32	296	74.00	53	115	168	42.00	52	89	36	24	87	4	1	 	 
2016	12280	413	MSU Denver	-	Totals	-	-	-	-	-	824:00	93	239	38.91	9	45	20.00	46	66	69.70	241	60.25	45	97	142	35.50	39	58	22	2	74	4	2	 	 
2016	12280	413	MSU Denver	-	Opponent Totals	-	-	-	-	-	825:00	105	242	43.39	26	67	38.81	54	79	68.35	290	72.50	55	108	163	40.75	57	49	29	10	71	4	2	 	 
2016	12280	30137	Malone	-	Totals	-	-	-	-	-	625:00	74	178	41.57	39	92	42.39	46	61	75.41	233	77.67	32	76	108	36.00	44	37	31	15	35	3	1	 	 
2016	12280	30137	Malone	-	Opponent Totals	-	-	-	-	-	625:00	66	175	37.71	33	89	37.08	19	25	76.00	184	61.33	36	78	114	38.00	40	60	20	2	58	3	3	 	 
2016	12280	384	Mansfield	-	Totals	-	-	-	-	-	400:00	44	105	41.90	9	25	36.00	37	55	67.27	134	67.00	29	44	73	36.50	23	42	19	6	38	2	 	 	 
2016	12280	384	Mansfield	-	Opponent Totals	-	-	-	-	-	400:00	57	115	49.57	13	31	41.94	27	44	61.36	154	77.00	23	40	63	31.50	23	34	28	6	48	2	1	 	 
2016	12280	1199	Mars Hill	-	Totals	-	-	-	-	-	600:00	69	169	40.83	12	56	21.43	33	55	60.00	183	61.00	31	74	105	35.00	48	64	34	11	57	3	1	 	 
2016	12280	1199	Mars Hill	-	Opponent Totals	-	-	-	-	-	600:00	69	171	40.35	20	52	38.46	37	61	60.66	195	65.00	39	76	115	38.33	50	66	34	3	60	3	1	 	 
2016	12280	30075	Mary	-	Totals	-	-	-	-	-	600:00	61	160	38.12	19	62	30.65	32	51	62.75	173	57.67	31	66	97	32.33	34	47	23	16	51	3	 	 	 
2016	12280	30075	Mary	-	Opponent Totals	-	-	-	-	-	600:00	61	168	36.31	17	59	28.81	34	48	70.83	173	57.67	32	69	101	33.67	38	50	19	8	51	3	2	 	 
2016	12280	395	Maryville (MO)	-	Totals	-	-	-	-	-	400:00	61	142	42.96	12	39	30.77	36	40	90.00	170	85.00	38	53	91	45.50	42	27	33	10	29	2	 	 	 
2016	12280	395	Maryville (MO)	-	Opponent Totals	-	-	-	-	-	400:00	42	118	35.59	6	19	31.58	15	21	71.43	105	52.50	26	45	71	35.50	27	47	14	4	36	2	 	 	 
2016	12280	30138	McKendree	-	Totals	-	-	-	-	-	600:00	57	152	37.50	9	35	25.71	43	59	72.88	166	55.33	35	82	117	39.00	29	66	25	4	58	3	1	 	 
2016	12280	30138	McKendree	-	Opponent Totals	-	-	-	-	-	600:00	62	191	32.46	23	79	29.11	41	53	77.36	188	62.67	52	67	119	39.67	38	46	27	4	68	3	2	 	 
2016	12280	407	Mercy	-	Totals	-	-	-	-	-	600:00	48	153	31.37	16	59	27.12	46	69	66.67	158	52.67	32	84	116	38.67	34	84	21	6	49	3	1	 	 
2016	12280	407	Mercy	-	Opponent Totals	-	-	-	-	-	600:00	89	220	40.45	23	69	33.33	25	43	58.14	226	75.33	56	83	139	46.33	55	56	51	7	66	3	1	 	 
2016	12280	408	Mercyhurst	-	Totals	-	-	-	-	-	800:00	101	253	39.92	22	74	29.73	31	63	49.21	255	63.75	49	87	136	34.00	54	57	19	8	75	4	3	 	 
2016	12280	408	Mercyhurst	-	Opponent Totals	-	-	-	-	-	800:00	105	237	44.30	19	68	27.94	56	71	78.87	285	71.25	48	115	163	40.75	59	61	23	16	81	4	4	 	 
2016	12280	410	Merrimack	-	Totals	-	-	-	-	-	800:00	89	226	39.38	10	57	17.54	51	80	63.75	239	59.75	50	109	159	39.75	50	86	29	4	80	4	4	 	 
2016	12280	410	Merrimack	-	Opponent Totals	-	-	-	-	-	800:00	92	228	40.35	27	80	33.75	54	81	66.67	265	66.25	40	98	138	34.50	46	73	35	8	75	4	1	 	 
2016	12280	417	Michigan Tech	-	Totals	-	-	-	-	-	600:00	94	200	47.00	24	61	39.34	22	33	66.67	234	78.00	34	84	118	39.33	65	32	22	18	62	3	1	 	 
2016	12280	417	Michigan Tech	-	Opponent Totals	-	-	-	-	-	600:00	58	156	37.18	8	29	27.59	67	83	80.72	191	63.67	20	78	98	32.67	27	36	15	10	39	3	1	 	 
2016	12280	1222	Midwestern St.	-	Totals	-	-	-	-	-	600:00	56	172	32.56	12	56	21.43	39	57	68.42	163	54.33	42	79	121	40.33	33	58	22	12	53	3	 	 	 
2016	12280	1222	Midwestern St.	-	Opponent Totals	-	-	-	-	-	600:00	67	172	38.95	14	35	40.00	39	56	69.64	187	62.33	30	82	112	37.33	37	49	30	11	61	3	 	 	 
2016	12280	423	Millersville	-	Totals	-	-	-	-	-	600:00	84	208	40.38	14	50	28.00	29	53	54.72	211	70.33	53	71	124	41.33	42	57	34	14	64	3	2	 	 
2016	12280	423	Millersville	-	Opponent Totals	-	-	-	-	-	600:00	76	181	41.99	18	63	28.57	43	65	66.15	213	71.00	42	82	124	41.33	41	70	28	12	51	3	 	 	 
2016	12280	427	Minn. Duluth	-	Totals	-	-	-	-	-	400:00	30	104	28.85	6	25	24.00	32	42	76.19	98	49.00	11	54	65	32.50	17	20	9	7	26	2	1	 	 
2016	12280	427	Minn. Duluth	-	Opponent Totals	-	-	-	-	-	400:00	49	112	43.75	15	40	37.50	13	21	61.90	126	63.00	19	64	83	41.50	28	20	9	9	30	2	 	 	 
2016	12280	383	Minn. St. Mankato	-	Totals	-	-	-	-	-	400:00	41	113	36.28	7	27	25.93	21	32	65.62	110	55.00	18	57	75	37.50	23	48	10	4	38	2	3	 	 
2016	12280	383	Minn. St. Mankato	-	Opponent Totals	-	-	-	-	-	400:00	60	133	45.11	12	40	30.00	27	33	81.82	159	79.50	20	60	80	40.00	27	28	26	6	39	2	 	 	 
2016	12280	1240	Minn. St. Moorhead	-	Totals	-	-	-	-	-	625:00	86	185	46.49	20	55	36.36	58	78	74.36	250	83.33	30	89	119	39.67	46	52	20	14	59	3	2	 	 
2016	12280	1240	Minn. St. Moorhead	-	Opponent Totals	-	-	-	-	-	625:00	81	195	41.54	24	69	34.78	31	48	64.58	217	72.33	34	80	114	38.00	35	56	20	6	65	3	2	 	 
2016	12280	27854	Minn.-Crookston	-	Totals	-	-	-	-	-	600:00	67	162	41.36	23	58	39.66	39	59	66.10	196	65.33	32	95	127	42.33	39	44	19	6	39	3	 	 	 
2016	12280	27854	Minn.-Crookston	-	Opponent Totals	-	-	-	-	-	600:00	66	173	38.15	13	53	24.53	20	47	42.55	165	55.00	26	73	99	33.00	40	36	22	13	58	3	 	 	 
2016	12280	30125	Minot St.	-	Totals	-	-	-	-	-	800:00	107	262	40.84	30	87	34.48	68	93	73.12	312	78.00	48	93	141	35.25	55	57	33	4	82	4	1	 	 
2016	12280	30125	Minot St.	-	Opponent Totals	-	-	-	-	-	799:00	116	232	50.00	36	93	38.71	67	91	73.63	335	83.75	37	118	155	38.75	66	74	22	13	77	4	3	 	 
2016	12280	429	Mississippi Col.	-	Totals	-	-	-	-	-	400:00	49	118	41.53	13	27	48.15	41	66	62.12	152	76.00	25	48	73	36.50	37	37	15	9	42	2	2	 	 
2016	12280	429	Mississippi Col.	-	Opponent Totals	-	-	-	-	-	400:00	57	128	44.53	12	30	40.00	27	40	67.50	153	76.50	29	56	85	42.50	29	49	15	7	47	2	1	 	 
2016	12280	435	Missouri S&T	-	Totals	-	-	-	-	-	600:00	77	188	40.96	13	48	27.08	33	49	67.35	200	66.67	44	71	115	38.33	47	48	43	2	54	3	1	 	 
2016	12280	435	Missouri S&T	-	Opponent Totals	-	-	-	-	-	600:00	52	144	36.11	7	41	17.07	37	48	77.08	148	49.33	22	61	83	27.67	20	70	21	4	53	3	2	 	 
2016	12280	9012	Mo. Southern St.	-	Totals	-	-	-	-	-	600:00	71	178	39.89	17	61	27.87	54	66	81.82	213	71.00	37	83	120	40.00	31	47	19	7	70	3	 	 	 
2016	12280	9012	Mo. Southern St.	-	Opponent Totals	-	-	-	-	-	600:00	67	168	39.88	12	43	27.91	43	67	64.18	189	63.00	31	76	107	35.67	29	55	10	11	71	3	4	 	 
2016	12280	9013	Mo. Western St.	-	Totals	-	-	-	-	-	600:00	104	207	50.24	23	52	44.23	40	47	85.11	271	90.33	30	73	103	34.33	55	49	48	3	56	3	2	 	 
2016	12280	9013	Mo. Western St.	-	Opponent Totals	-	-	-	-	-	600:00	69	171	40.35	18	53	33.96	37	52	71.15	193	64.33	37	76	113	37.67	39	85	13	4	49	3	1	 	 
2016	12280	436	Mo.-St. Louis	-	Totals	-	-	-	-	-	600:00	74	172	43.02	17	54	31.48	39	51	76.47	204	68.00	31	55	86	28.67	47	52	44	9	64	3	3	 	 
2016	12280	436	Mo.-St. Louis	-	Opponent Totals	-	-	-	-	-	600:00	64	149	42.95	16	44	36.36	53	66	80.30	197	65.67	32	71	103	34.33	35	68	21	9	52	3	 	 	 
2016	12280	437	Molloy	-	Totals	-	-	-	-	-	625:00	70	170	41.18	21	47	44.68	34	54	62.96	195	65.00	24	92	116	38.67	32	56	31	10	60	3	2	 	 
2016	12280	437	Molloy	-	Opponent Totals	-	-	-	-	-	625:00	71	198	35.86	8	44	18.18	42	65	64.62	192	64.00	46	90	136	45.33	42	52	24	7	59	3	1	 	 
2016	12280	205	Mont. St. Billings	-	Totals	-	-	-	-	-	600:00	56	170	32.94	22	66	33.33	53	66	80.30	187	62.33	29	70	99	33.00	39	45	24	2	58	3	1	 	 
2016	12280	205	Mont. St. Billings	-	Opponent Totals	-	-	-	-	-	600:00	68	178	38.20	17	67	25.37	39	53	73.58	192	64.00	35	75	110	36.67	36	51	23	13	62	3	4	 	 
2016	12280	1238	Montevallo	-	Totals	-	-	-	-	-	601:00	77	181	42.54	11	48	22.92	25	47	53.19	190	63.33	41	83	124	41.33	37	55	21	14	48	3	 	 	 
2016	12280	1238	Montevallo	-	Opponent Totals	-	-	-	-	-	600:00	77	209	36.84	20	58	34.48	38	54	70.37	212	70.67	58	73	131	43.67	38	44	25	9	53	3	1	 	 
2016	12280	1245	Mount Olive	-	Totals	-	-	-	-	-	400:00	56	129	43.41	6	23	26.09	27	42	64.29	145	72.50	43	63	106	53.00	31	46	24	19	43	2	2	 	 
2016	12280	1245	Mount Olive	-	Opponent Totals	-	-	-	-	-	400:00	42	134	31.34	14	45	31.11	25	39	64.10	123	61.50	37	37	74	37.00	24	40	17	2	37	2	1	 	 
2016	12280	8577	N.M. Highlands	-	Totals	-	-	-	-	-	200:00	17	57	29.82	7	20	35.00	22	36	61.11	63	63.00	12	34	46	46.00	8	15	8	 	28	1	1	 	 
2016	12280	8577	N.M. Highlands	-	Opponent Totals	-	-	-	-	-	200:00	17	64	26.56	3	21	14.29	14	24	58.33	51	51.00	12	32	44	44.00	9	15	9	5	33	1	1	 	 
2016	12280	477	NYIT	-	Totals	-	-	-	-	-	1425:00	163	429	38.00	30	115	26.09	151	198	76.26	507	72.43	97	200	297	42.43	75	106	70	19	105	7	1	 	 
2016	12280	477	NYIT	-	Opponent Totals	-	-	-	-	-	1425:00	176	450	39.11	59	169	34.91	70	99	70.71	481	68.71	91	196	287	41.00	113	120	40	11	166	7	8	 	 
2016	12280	1156	Neb.-Kearney	-	Totals	-	-	-	-	-	800:00	108	244	44.26	27	84	32.14	46	65	70.77	289	72.25	41	105	146	36.50	65	58	32	17	65	4	 	 	 
2016	12280	1156	Neb.-Kearney	-	Opponent Totals	-	-	-	-	-	800:00	101	230	43.91	20	58	34.48	52	73	71.23	274	68.50	28	104	132	33.00	58	59	29	6	67	4	2	 	 
2016	12280	470	New Haven	-	Totals	-	-	-	-	-	800:00	99	257	38.52	24	72	33.33	53	83	63.86	275	68.75	59	105	164	41.00	48	56	30	10	83	4	4	 	 
2016	12280	470	New Haven	-	Opponent Totals	-	-	-	-	-	800:00	94	235	40.00	19	71	26.76	50	74	67.57	257	64.25	51	110	161	40.25	58	67	18	8	86	4	6	 	 
2016	12280	1257	Newberry	-	Totals	-	-	-	-	-	601:00	76	193	39.38	14	63	22.22	26	43	60.47	192	64.00	37	83	120	40.00	52	30	9	6	40	3	 	 	 
2016	12280	1257	Newberry	-	Opponent Totals	-	-	-	-	-	600:00	70	191	36.65	14	51	27.45	23	33	69.70	177	59.00	41	88	129	43.00	21	36	22	10	52	3	 	 	 
2016	12280	30054	Newman	-	Totals	-	-	-	-	-	600:00	63	166	37.95	16	45	35.56	50	62	80.65	192	64.00	40	73	113	37.67	31	42	22	1	50	3	1	 	 
2016	12280	30054	Newman	-	Opponent Totals	-	-	-	-	-	600:00	63	164	38.41	19	65	29.23	30	43	69.77	175	58.33	34	68	102	34.00	43	49	20	13	63	3	2	 	 
2016	12280	487	North Ala.	-	Totals	-	-	-	-	-	800:00	92	247	37.25	33	107	30.84	53	76	69.74	270	67.50	45	87	132	33.00	55	61	45	15	86	4	3	 	 
2016	12280	487	North Ala.	-	Opponent Totals	-	-	-	-	-	800:00	120	247	48.58	19	55	34.55	46	70	65.71	305	76.25	53	124	177	44.25	58	68	29	3	74	4	1	 	 
2016	12280	30052	North Georgia	-	Totals	-	-	-	-	-	600:00	80	201	39.80	20	63	31.75	53	69	76.81	233	77.67	49	94	143	47.67	40	39	15	7	55	3	 	 	 
2016	12280	30052	North Georgia	-	Opponent Totals	-	-	-	-	-	600:00	53	162	32.72	18	57	31.58	41	57	71.93	165	55.00	24	78	102	34.00	21	51	17	4	72	3	2	 	 
2016	12280	9223	North Greenville	-	Totals	-	-	-	-	-	600:00	64	169	37.87	21	59	35.59	28	37	75.68	177	59.00	30	93	123	41.00	25	59	19	7	54	3	 	 	 
2016	12280	9223	North Greenville	-	Opponent Totals	-	-	-	-	-	600:00	68	203	33.50	13	53	24.53	40	59	67.80	189	63.00	52	79	131	43.67	28	33	24	7	51	3	 	 	 
2016	12280	12810	Northeastern St.	-	Totals	-	-	-	-	-	1100:00	106	284	37.32	36	128	28.12	47	66	71.21	295	59.00	50	140	190	38.00	66	65	29	14	82	5	 	 	 
2016	12280	12810	Northeastern St.	-	Opponent Totals	-	-	-	-	-	1100:00	96	279	34.41	40	130	30.77	47	64	73.44	279	55.80	51	137	188	37.60	58	74	29	13	67	5	1	 	 
2016	12280	506	Northern Mich.	-	Totals	-	-	-	-	-	598:00	60	151	39.74	20	57	35.09	28	37	75.68	168	56.00	25	65	90	30.00	30	40	15	5	45	3	1	 	 
2016	12280	506	Northern Mich.	-	Opponent Totals	-	-	-	-	-	600:00	80	169	47.34	25	54	46.30	30	41	73.17	215	71.67	23	77	100	33.33	49	29	22	8	44	3	1	 	 
2016	12280	1266	Northern St.	-	Totals	-	-	-	-	-	801:00	93	215	43.26	17	57	29.82	53	79	67.09	256	64.00	58	109	167	41.75	56	67	24	10	55	4	 	 	 
2016	12280	1266	Northern St.	-	Opponent Totals	-	-	-	-	-	800:00	80	223	35.87	24	72	33.33	32	46	69.57	216	54.00	35	80	115	28.75	40	52	29	7	82	4	1	 	 
2016	12280	507	Northwest Mo. St.	-	Totals	-	-	-	-	-	800:00	75	190	39.47	11	50	22.00	38	57	66.67	199	49.75	30	105	135	33.75	44	80	20	16	80	4	 	 	 
2016	12280	507	Northwest Mo. St.	-	Opponent Totals	-	-	-	-	-	800:00	100	246	40.65	26	78	33.33	61	77	79.22	287	71.75	52	94	146	36.50	55	41	46	16	75	4	1	 	 
2016	12280	1274	Northwest Nazarene	-	Totals	-	-	-	-	-	625:00	90	234	38.46	20	55	36.36	45	67	67.16	245	81.67	61	91	152	50.67	41	47	26	9	69	3	2	 	 
2016	12280	1274	Northwest Nazarene	-	Opponent Totals	-	-	-	-	-	625:00	85	194	43.81	20	54	37.04	54	77	70.13	244	81.33	30	93	123	123.00	42	56	28	19	60	3	1	 	 
2016	12280	30178	Northwestern Okla.	-	Totals	-	-	-	-	-	600:00	55	173	31.79	13	55	23.64	27	42	64.29	150	50.00	39	72	111	37.00	30	57	12	2	47	3	1	 	 
2016	12280	30178	Northwestern Okla.	-	Opponent Totals	-	-	-	-	-	600:00	69	166	41.57	15	54	27.78	44	59	74.58	197	65.67	31	87	118	39.33	36	47	26	13	58	3	 	 	 
2016	12280	510	Northwood (MI)	-	Totals	-	-	-	-	-	600:00	61	165	36.97	15	46	32.61	63	88	71.59	200	66.67	38	82	120	40.00	35	44	27	5	56	3	1	 	 
2016	12280	510	Northwood (MI)	-	Opponent Totals	-	-	-	-	-	600:00	70	167	41.92	16	40	40.00	41	57	71.93	197	65.67	25	76	101	33.67	33	50	20	14	65	3	2	 	 
2016	12280	30126	Notre Dame (OH)	-	Totals	-	-	-	-	-	600:00	83	163	50.92	20	51	39.22	47	65	72.31	233	77.67	28	86	114	38.00	38	53	27	7	54	3	1	 	 
2016	12280	30126	Notre Dame (OH)	-	Opponent Totals	-	-	-	-	-	600:00	86	209	41.15	17	58	29.31	23	35	65.71	212	70.67	44	59	103	34.33	43	40	20	7	63	3	3	 	 
2016	12280	30056	Notre Dame de Namur	-	Totals	-	-	-	-	-	800:00	75	208	36.06	19	61	31.15	41	60	68.33	210	52.50	48	90	138	34.50	37	86	26	3	82	4	2	 	 
2016	12280	30056	Notre Dame de Namur	-	Opponent Totals	-	-	-	-	-	800:00	98	219	44.75	21	63	33.33	51	70	72.86	268	67.00	38	89	127	31.75	67	59	43	13	61	4	 	 	 
2016	12280	24639	Nova Southeastern	-	Totals	-	-	-	-	-	600:00	85	169	50.30	19	52	36.54	61	80	76.25	250	83.33	34	94	128	42.67	45	52	23	13	52	3	 	 	 
2016	12280	24639	Nova Southeastern	-	Opponent Totals	-	-	-	-	-	600:00	72	193	37.31	17	66	25.76	26	40	65.00	187	62.33	32	62	94	31.33	42	46	30	11	75	3	3	 	 
2016	12280	1277	Nyack	-	Totals	-	-	-	-	-	400:00	50	148	33.78	16	40	40.00	21	40	52.50	137	68.50	27	59	86	43.00	31	19	14	4	39	2	2	 	 
2016	12280	1277	Nyack	-	Opponent Totals	-	-	-	-	-	400:00	55	149	36.91	10	52	19.23	30	40	75.00	150	75.00	37	80	117	58.50	24	26	12	6	36	2	 	 	 
2016	12280	1278	Oakland City	-	Totals	-	-	-	-	-	200:00	30	73	41.10	9	22	40.91	6	12	50.00	75	75.00	9	37	46	46.00	23	23	3	2	20	1	 	 	 
2016	12280	1278	Oakland City	-	Opponent Totals	-	-	-	-	-	200:00	33	89	37.08	6	28	21.43	19	24	79.17	91	91.00	22	36	58	58.00	17	17	16	5	18	1	 	 	 
2016	12280	30119	Ohio Dominican	-	Totals	-	-	-	-	-	650:00	81	197	41.12	11	45	24.44	62	79	78.48	235	78.33	45	100	145	48.33	45	65	42	11	51	3	1	 	 
2016	12280	30119	Ohio Dominican	-	Opponent Totals	-	-	-	-	-	650:00	82	202	40.59	30	85	35.29	22	35	62.86	216	72.00	31	74	105	35.00	54	69	35	11	74	3	 	 	 
2016	12280	15207	Ohio Valley	-	Totals	-	-	-	-	-	400:00	30	111	27.03	6	35	17.14	24	51	47.06	90	45.00	32	61	93	46.50	12	49	11	4	36	2	3	 	 
2016	12280	15207	Ohio Valley	-	Opponent Totals	-	-	-	-	-	400:00	58	142	40.85	9	34	26.47	25	40	62.50	150	75.00	32	59	91	45.50	28	25	28	6	43	2	 	 	 
2016	12280	30202	Okla. Baptist	-	Totals	-	-	-	-	-	600:00	68	174	39.08	16	51	31.37	49	70	70.00	201	67.00	35	79	114	38.00	35	53	21	11	76	3	2	 	 
2016	12280	30202	Okla. Baptist	-	Opponent Totals	-	-	-	-	-	600:00	69	184	37.50	13	62	20.97	57	72	79.17	208	69.33	43	85	128	42.67	26	53	26	6	71	3	1	 	 
2016	12280	30179	Okla. Christian	-	Totals	-	-	-	-	-	800:00	80	254	31.50	23	92	25.00	74	108	68.52	257	64.25	64	123	187	46.75	50	69	40	13	76	4	1	 	 
2016	12280	30179	Okla. Christian	-	Opponent Totals	-	-	-	-	-	800:00	89	258	34.50	30	99	30.30	50	66	75.76	258	64.50	52	126	178	44.50	58	72	36	12	95	4	2	 	 
2016	12280	24342	Okla. Panhandle	-	Totals	-	-	-	-	-	400:00	41	128	32.03	8	34	23.53	21	37	56.76	111	55.50	23	60	83	41.50	28	30	18	8	56	2	2	 	 
2016	12280	24342	Okla. Panhandle	-	Opponent Totals	-	-	-	-	-	400:00	37	121	30.58	9	33	27.27	41	66	62.12	124	62.00	28	60	88	44.00	14	31	15	3	41	2	1	 	 
2016	12280	1289	Ouachita Baptist	-	Totals	-	-	-	-	-	600:00	61	177	34.46	18	80	22.50	61	73	83.56	201	67.00	25	81	106	35.33	31	50	22	3	74	3	2	 	 
2016	12280	1289	Ouachita Baptist	-	Opponent Totals	-	-	-	-	-	600:00	75	199	37.69	16	58	27.59	64	82	78.05	230	76.67	49	93	142	47.33	32	48	25	7	79	3	 	 	 
2016	12280	2682	P.R.-Bayamon	-	Totals	-	-	-	-	-	600:00	70	188	37.23	18	62	29.03	26	58	44.83	184	61.33	31	86	117	39.00	31	48	33	11	69	3	1	 	 
2016	12280	2682	P.R.-Bayamon	-	Opponent Totals	-	-	-	-	-	600:00	65	175	37.14	22	64	34.38	41	69	59.42	193	64.33	38	102	140	46.67	29	59	20	7	54	3	 	 	 
2016	12280	2716	P.R.-Rio Piedras	-	Totals	-	-	-	-	-	400:00	28	102	27.45	3	29	10.34	12	26	46.15	71	35.50	13	52	65	32.50	9	38	11	3	35	2	 	 	 
2016	12280	2716	P.R.-Rio Piedras	-	Opponent Totals	-	-	-	-	-	400:00	59	142	41.55	16	44	36.36	25	37	67.57	159	79.50	41	70	111	55.50	36	23	25	5	21	2	 	 	 
2016	12280	533	Pace	-	Totals	-	-	-	-	-	600:00	71	162	43.83	23	58	39.66	40	58	68.97	205	68.33	31	80	111	37.00	48	66	17	11	61	3	 	 	 
2016	12280	533	Pace	-	Opponent Totals	-	-	-	-	-	600:00	65	181	35.91	10	40	25.00	36	59	61.02	176	58.67	40	64	104	34.67	33	61	28	7	63	3	1	 	 
2016	12280	535	Paine	-	Totals	-	-	-	-	-	1000:00	98	245	40.00	11	65	16.92	53	80	66.25	260	65.00	51	91	142	35.50	55	84	39	9	89	4	4	 	 
2016	12280	535	Paine	-	Opponent Totals	-	-	-	-	-	1000:00	119	253	47.04	29	73	39.73	63	97	64.95	330	82.50	64	109	173	43.25	70	76	48	16	79	4	 	 	 
2016	12280	30045	Palm Beach Atl.	-	Totals	-	-	-	-	-	625:00	71	177	40.11	11	41	26.83	28	42	66.67	181	60.33	44	84	128	42.67	24	96	26	2	67	3	3	 	 
2016	12280	30045	Palm Beach Atl.	-	Opponent Totals	-	-	-	-	-	625:00	74	191	38.74	14	55	25.45	51	68	75.00	213	71.00	41	74	115	38.33	40	66	55	13	50	3	 	 	 
2016	12280	542	Pfeiffer	-	Totals	-	-	-	-	-	200:00	18	40	45.00	3	11	27.27	9	14	64.29	48	48.00	5	25	30	30.00	15	29	9	3	23	1	2	 	 
2016	12280	542	Pfeiffer	-	Opponent Totals	-	-	-	-	-	200:00	22	66	33.33	3	11	27.27	13	21	61.90	60	60.00	22	20	42	42.00	13	16	9	3	17	1	 	 	 
2016	12280	543	Philadelphia U.	-	Totals	-	-	-	-	-	600:00	65	163	39.88	9	35	25.71	25	41	60.98	164	54.67	31	71	102	34.00	38	54	31	5	49	3	 	 	 
2016	12280	543	Philadelphia U.	-	Opponent Totals	-	-	-	-	-	600:00	67	167	40.12	21	55	38.18	21	38	55.26	176	58.67	36	73	109	36.33	49	54	26	7	48	3	 	 	 
2016	12280	546	Pitt.-Johnstown	-	Totals	-	-	-	-	-	800:00	104	250	41.60	26	88	29.55	45	64	70.31	279	69.75	48	97	145	36.25	56	76	38	14	83	4	3	 	 
2016	12280	546	Pitt.-Johnstown	-	Opponent Totals	-	-	-	-	-	800:00	98	249	39.36	9	48	18.75	58	80	72.50	263	65.75	60	104	164	41.00	50	83	36	13	76	4	1	 	 
2016	12280	1314	Pittsburg St.	-	Totals	-	-	-	-	-	799:00	100	219	45.66	33	97	34.02	70	94	74.47	303	75.75	46	101	147	36.75	60	54	32	13	65	4	2	 	 
2016	12280	1314	Pittsburg St.	-	Opponent Totals	-	-	-	-	-	800:00	79	223	35.43	15	63	23.81	41	54	75.93	214	53.50	49	83	132	33.00	43	72	24	14	83	4	1	 	 
2016	12280	30149	Point Loma	-	Totals	-	-	-	-	-	225:00	29	63	46.03	8	18	44.44	18	23	78.26	84	84.00	10	30	40	40.00	20	13	6	3	15	1	 	 	 
2016	12280	30149	Point Loma	-	Opponent Totals	-	-	-	-	-	225:00	29	72	40.28	9	35	25.71	11	17	64.71	78	78.00	15	28	43	43.00	14	11	8	 	20	1	2	 	 
2016	12280	1318	Post	-	Totals	-	-	-	-	-	799:00	82	243	33.74	17	64	26.56	41	61	67.21	222	55.50	39	121	160	40.00	41	91	23	11	77	4	1	 	 
2016	12280	1318	Post	-	Opponent Totals	-	-	-	-	-	800:00	111	258	43.02	14	61	22.95	64	99	64.65	300	75.00	45	131	176	44.00	53	62	50	8	76	4	2	 	 
2016	12280	11504	Queens (NC)	-	Totals	-	-	-	-	-	600:00	71	177	40.11	11	40	27.50	40	56	71.43	193	64.33	43	71	114	38.00	44	46	20	3	57	3	2	 	 
2016	12280	11504	Queens (NC)	-	Opponent Totals	-	-	-	-	-	600:00	68	176	38.64	10	43	23.26	27	54	50.00	173	57.67	52	72	124	41.33	36	58	24	12	61	3	3	 	 
2016	12280	560	Queens (NY)	-	Totals	-	-	-	-	-	400:00	55	124	44.35	6	19	31.58	25	43	58.14	141	70.50	25	47	72	36.00	32	33	24	7	34	2	1	 	 
2016	12280	560	Queens (NY)	-	Opponent Totals	-	-	-	-	-	400:00	49	123	39.84	9	30	30.00	20	26	76.92	127	63.50	27	55	82	41.00	31	42	18	2	35	2	1	 	 
2016	12280	561	Quincy	-	Totals	-	-	-	-	-	600:00	74	167	44.31	26	51	50.98	35	44	79.55	209	69.67	34	73	107	35.67	46	39	24	8	55	3	1	 	 
2016	12280	561	Quincy	-	Opponent Totals	-	-	-	-	-	600:00	59	162	36.42	15	55	27.27	31	43	72.09	164	54.67	36	63	99	33.00	32	48	26	5	48	3	 	 	 
2016	12280	568	Regis (CO)	-	Totals	-	-	-	-	-	800:00	86	202	42.57	17	59	28.81	40	54	74.07	229	57.25	40	97	137	34.25	45	79	19	8	93	4	2	 	 
2016	12280	568	Regis (CO)	-	Opponent Totals	-	-	-	-	-	800:00	89	229	38.86	21	82	25.61	69	94	73.40	268	67.00	56	83	139	34.75	47	49	34	6	66	4	1	 	 
2016	12280	30150	Roberts Wesleyan	-	Totals	-	-	-	-	-	600:00	86	195	44.10	12	45	26.67	65	91	71.43	249	83.00	37	108	145	48.33	37	42	29	9	54	3	1	 	 
2016	12280	30150	Roberts Wesleyan	-	Opponent Totals	-	-	-	-	-	600:00	69	206	33.50	20	64	31.25	28	46	60.87	186	62.00	38	86	124	41.33	44	52	20	7	71	3	2	 	 
2016	12280	1328	Rockhurst	-	Totals	-	-	-	-	-	400:00	53	122	43.44	19	52	36.54	29	32	90.62	154	77.00	18	46	64	32.00	38	24	19	9	31	2	 	 	 
2016	12280	1328	Rockhurst	-	Opponent Totals	-	-	-	-	-	400:00	42	109	38.53	11	41	26.83	23	34	67.65	118	59.00	26	54	80	40.00	19	42	15	7	36	2	1	 	 
2016	12280	30180	Rogers St.	-	Totals	-	-	-	-	-	600:00	61	176	34.66	12	53	22.64	24	38	63.16	158	52.67	35	86	121	40.33	44	46	24	16	59	3	2	 	 
2016	12280	30180	Rogers St.	-	Opponent Totals	-	-	-	-	-	600:00	49	170	28.82	21	72	29.17	34	53	64.15	153	51.00	43	82	125	41.67	31	48	20	10	51	3	1	 	 
2016	12280	584	Rollins	-	Totals	-	-	-	-	-	625:00	75	208	36.06	25	87	28.74	33	52	63.46	208	69.33	49	66	115	38.33	36	33	20	9	60	3	 	 	 
2016	12280	584	Rollins	-	Opponent Totals	-	-	-	-	-	625:00	70	161	43.48	21	52	40.38	44	56	78.57	205	68.33	27	96	123	41.00	43	57	15	4	56	3	 	 	 
2016	12280	11276	S.C. Aiken	-	Totals	-	-	-	-	-	600:00	67	169	39.64	19	54	35.19	40	56	71.43	193	64.33	41	70	111	37.00	51	48	25	19	59	3	2	 	 
2016	12280	11276	S.C. Aiken	-	Opponent Totals	-	-	-	-	-	600:00	65	155	41.94	21	38	55.26	38	59	64.41	189	63.00	31	70	101	33.67	41	53	23	7	64	3	2	 	 
2016	12280	591	Saginaw Valley	-	Totals	-	-	-	-	-	850:00	104	241	43.15	13	57	22.81	51	75	68.00	272	68.00	37	120	157	39.25	58	73	30	7	80	4	2	 	 
2016	12280	591	Saginaw Valley	-	Opponent Totals	-	-	-	-	-	850:00	88	253	34.78	10	55	18.18	51	73	69.86	237	59.25	49	111	160	40.00	42	72	36	9	84	4	3	 	 
2016	12280	594	Saint Augustine's	-	Totals	-	-	-	-	-	800:00	79	208	37.98	10	37	27.03	75	114	65.79	243	60.75	48	126	174	43.50	40	148	31	12	69	4	1	 	 
2016	12280	594	Saint Augustine's	-	Opponent Totals	-	-	-	-	-	800:00	148	333	44.44	35	122	28.69	39	59	66.10	370	92.50	71	103	174	43.50	95	74	82	7	101	4	2	 	 
2016	12280	608	Saint Leo	-	Totals	-	-	-	-	-	851:00	111	267	41.57	27	76	35.53	43	78	55.13	292	73.00	53	115	168	42.00	61	77	40	6	105	4	4	 	 
2016	12280	608	Saint Leo	-	Opponent Totals	-	-	-	-	-	850:00	99	253	39.13	21	84	25.00	71	111	63.96	290	72.50	61	114	175	43.75	61	77	34	2	78	4	1	 	 
2016	12280	1343	Saint Martin's	-	Totals	-	-	-	-	-	200:00	15	59	25.42	4	21	19.05	11	16	68.75	45	45.00	20	29	49	49.00	12	19	8	7	11	1	 	 	 
2016	12280	1343	Saint Martin's	-	Opponent Totals	-	-	-	-	-	200:00	16	58	27.59	5	23	21.74	11	15	73.33	48	48.00	14	27	41	41.00	11	16	15	7	17	1	 	 	 
2016	12280	613	Saint Michael's	-	Totals	-	-	-	-	-	600:00	63	184	34.24	9	41	21.95	34	48	70.83	169	56.33	40	76	116	38.67	23	49	23	8	66	3	1	 	 
2016	12280	613	Saint Michael's	-	Opponent Totals	-	-	-	-	-	600:00	61	181	33.70	11	45	24.44	52	70	74.29	185	61.67	51	87	138	46.00	37	53	25	5	56	3	1	 	 
2016	12280	1347	Saint Rose	-	Totals	-	-	-	-	-	600:00	88	194	45.36	12	47	25.53	29	49	59.18	217	72.33	43	94	137	45.67	52	44	14	6	50	3	1	 	 
2016	12280	1347	Saint Rose	-	Opponent Totals	-	-	-	-	-	600:00	73	195	37.44	20	63	31.75	27	45	60.00	193	64.33	38	73	111	37.00	30	37	15	6	53	3	1	 	 
2016	12280	19117	Salem Int'l	-	Totals	-	-	-	-	-	800:00	77	238	32.35	16	68	23.53	33	59	55.93	203	50.75	47	93	140	35.00	38	107	44	7	79	4	2	 	 
2016	12280	19117	Salem Int'l	-	Opponent Totals	-	-	-	-	-	800:00	117	264	44.32	20	70	28.57	62	89	69.66	316	79.00	67	124	191	47.75	62	90	62	11	67	4	1	 	 
2016	12280	628	San Fran. St.	-	Totals	-	-	-	-	-	800:00	76	261	29.12	21	93	22.58	36	44	81.82	209	52.25	62	83	145	36.25	44	66	42	17	82	4	4	 	 
2016	12280	628	San Fran. St.	-	Opponent Totals	-	-	-	-	-	800:00	87	219	39.73	21	60	35.00	63	87	72.41	258	64.50	61	124	185	46.25	51	85	28	14	59	4	 	 	 
2016	12280	634	Seattle Pacific	-	Totals	-	-	-	-	-	598:00	82	192	42.71	20	61	32.79	43	53	81.13	227	75.67	46	82	128	42.67	51	44	20	8	48	3	 	 	 
2016	12280	634	Seattle Pacific	-	Opponent Totals	-	-	-	-	-	600:00	64	167	38.32	11	47	23.40	32	52	61.54	171	57.00	30	71	101	33.67	41	43	23	7	54	3	 	 	 
2016	12280	30063	Seton Hill	-	Totals	-	-	-	-	-	800:00	93	233	39.91	27	85	31.76	46	69	66.67	259	64.75	53	110	163	40.75	50	97	47	12	76	4	1	 	 
2016	12280	30063	Seton Hill	-	Opponent Totals	-	-	-	-	-	800:00	93	242	38.43	9	53	16.98	55	73	75.34	250	62.50	46	97	143	35.75	49	78	57	12	73	4	3	 	 
2016	12280	636	Shaw	-	Totals	-	-	-	-	-	1000:00	122	263	46.39	13	48	27.08	65	98	66.33	322	80.50	60	115	175	43.75	63	68	43	14	60	4	 	 	 
2016	12280	636	Shaw	-	Opponent Totals	-	-	-	-	-	1002:00	98	263	37.26	13	66	19.70	32	38	84.21	241	60.25	51	103	154	38.50	54	89	29	6	88	4	5	 	 
2016	12280	10870	Shepherd	-	Totals	-	-	-	-	-	625:00	73	194	37.63	8	36	22.22	37	56	66.07	191	63.67	29	67	96	32.00	43	48	20	3	60	3	3	 	 
2016	12280	10870	Shepherd	-	Opponent Totals	-	-	-	-	-	625:00	96	215	44.65	9	29	31.03	35	66	53.03	236	78.67	63	99	162	54.00	59	59	18	16	52	3	2	 	 
2016	12280	638	Shippensburg	-	Totals	-	-	-	-	-	800:00	101	242	41.74	17	59	28.81	70	97	72.16	289	72.25	56	122	178	44.50	65	69	31	8	71	4	2	 	 
2016	12280	638	Shippensburg	-	Opponent Totals	-	-	-	-	-	800:00	86	247	34.82	19	75	25.33	33	59	55.93	224	56.00	50	103	153	38.25	43	80	37	15	92	4	2	 	 
2016	12280	30151	Shorter	-	Totals	-	-	-	-	-	400:00	70	126	55.56	21	39	53.85	15	26	57.69	176	88.00	23	67	90	45.00	33	29	20	5	20	2	 	 	 
2016	12280	30151	Shorter	-	Opponent Totals	-	-	-	-	-	400:00	37	126	29.37	12	42	28.57	12	21	57.14	98	49.00	27	38	65	32.50	12	30	19	2	24	2	 	 	 
2016	12280	30127	Simon Fraser	-	Totals	-	-	-	-	-	400:00	44	134	32.84	15	57	26.32	17	25	68.00	120	60.00	29	42	71	35.50	30	45	11	5	35	2	3	 	 
2016	12280	30127	Simon Fraser	-	Opponent Totals	-	-	-	-	-	400:00	59	140	42.14	10	46	21.74	22	33	66.67	150	75.00	24	41	65	32.50	29	25	22	12	29	2	1	 	 
2016	12280	30128	Sioux Falls	-	Totals	-	-	-	-	-	600:00	99	200	49.50	20	64	31.25	37	59	62.71	255	85.00	35	89	124	41.33	71	32	27	8	58	3	1	 	 
2016	12280	30128	Sioux Falls	-	Opponent Totals	-	-	-	-	-	600:00	58	162	35.80	15	44	34.09	37	54	68.52	168	56.00	19	75	94	31.33	35	53	13	9	58	3	1	 	 
2016	12280	643	Slippery Rock	-	Totals	-	-	-	-	-	600:00	71	174	40.80	21	53	39.62	35	50	70.00	198	66.00	25	65	90	30.00	36	40	31	7	55	3	2	 	 
2016	12280	643	Slippery Rock	-	Opponent Totals	-	-	-	-	-	600:00	73	166	43.98	21	58	36.21	37	51	72.55	204	68.00	38	85	123	41.00	51	58	16	10	46	3	2	 	 
2016	12280	645	Sonoma St.	-	Totals	-	-	-	-	-	800:00	82	211	38.86	15	45	33.33	66	91	72.53	245	61.25	44	89	133	33.25	44	58	34	8	54	4	1	 	 
2016	12280	645	Sonoma St.	-	Opponent Totals	-	-	-	-	-	800:00	81	228	35.53	22	74	29.73	21	33	63.64	205	51.25	55	98	153	38.25	40	85	19	9	89	4	3	 	 
2016	12280	30139	South Dakota Mines	-	Totals	-	-	-	-	-	600:00	88	201	43.78	24	58	41.38	30	57	52.63	230	76.67	31	77	108	36.00	56	27	21	9	41	3	 	 	 
2016	12280	30139	South Dakota Mines	-	Opponent Totals	-	-	-	-	-	600:00	67	178	37.64	30	72	41.67	21	35	60.00	185	61.67	19	74	93	31.00	31	41	14	7	51	3	1	 	 
2016	12280	1371	Southeastern Okla.	-	Totals	-	-	-	-	-	901:00	78	226	34.51	33	102	32.35	46	53	86.79	235	58.75	42	102	144	36.00	47	56	16	8	54	4	1	 	 
2016	12280	1371	Southeastern Okla.	-	Opponent Totals	-	-	-	-	-	900:00	95	227	41.85	26	99	26.26	37	52	71.15	253	63.25	38	104	142	35.50	54	53	23	8	63	4	 	 	 
2016	12280	1376	Southern Ark.	-	Totals	-	-	-	-	-	600:00	84	173	48.55	12	37	32.43	31	53	58.49	211	70.33	31	78	109	36.33	53	52	24	6	47	3	1	 	 
2016	12280	1376	Southern Ark.	-	Opponent Totals	-	-	-	-	-	600:00	72	181	39.78	23	60	38.33	34	54	62.96	201	67.00	36	67	103	34.33	29	46	22	7	52	3	1	 	 
2016	12280	658	Southern Conn. St.	-	Totals	-	-	-	-	-	800:00	98	242	40.50	31	75	41.33	59	88	67.05	286	71.50	56	96	152	38.00	58	69	43	10	93	4	1	 	 
2016	12280	658	Southern Conn. St.	-	Opponent Totals	-	-	-	-	-	800:00	78	216	36.11	24	74	32.43	59	78	75.64	239	59.75	50	106	156	39.00	45	96	26	9	81	4	1	 	 
2016	12280	661	Southern Ind.	-	Totals	-	-	-	-	-	400:00	66	127	51.97	12	34	35.29	14	28	50.00	158	79.00	29	64	93	46.50	40	30	30	12	32	2	 	 	 
2016	12280	661	Southern Ind.	-	Opponent Totals	-	-	-	-	-	400:00	27	92	29.35	8	38	21.05	21	30	70.00	83	41.50	8	44	52	26.00	13	45	10	 	34	2	 	 	 
2016	12280	468	Southern N.H.	-	Totals	-	-	-	-	-	600:00	81	192	42.19	10	36	27.78	43	56	76.79	215	71.67	41	89	130	43.33	45	46	23	11	46	3	 	 	 
2016	12280	468	Southern N.H.	-	Opponent Totals	-	-	-	-	-	600:00	66	193	34.20	12	68	17.65	31	42	73.81	175	58.33	45	80	125	41.67	32	56	19	14	59	3	1	 	 
2016	12280	30152	Southern Nazarene	-	Totals	-	-	-	-	-	200:00	19	65	29.23	2	18	11.11	21	34	61.76	61	61.00	15	23	38	38.00	9	17	8	10	28	1	1	 	 
2016	12280	30152	Southern Nazarene	-	Opponent Totals	-	-	-	-	-	200:00	25	61	40.98	 	10	0.00	20	31	64.52	70	70.00	16	34	50	50.00	13	22	8	4	32	1	4	 	 
2016	12280	30192	Southern Wesleyan	-	Totals	-	-	-	-	-	600:00	52	190	27.37	17	75	22.67	57	81	70.37	178	59.33	42	87	129	43.00	33	54	23	2	69	3	1	 	 
2016	12280	30192	Southern Wesleyan	-	Opponent Totals	-	-	-	-	-	598:00	66	184	35.87	18	60	30.00	47	78	60.26	197	65.67	43	108	151	50.33	46	53	32	10	66	3	1	 	 
2016	12280	2755	Southwest Baptist	-	Totals	-	-	-	-	-	600:00	77	195	39.49	18	51	35.29	51	75	68.00	223	74.33	44	70	114	38.00	40	52	27	10	76	3	1	 	 
2016	12280	2755	Southwest Baptist	-	Opponent Totals	-	-	-	-	-	600:00	68	154	44.16	22	51	43.14	71	87	81.61	229	76.33	25	82	107	35.67	27	62	22	8	82	3	6	 	 
2016	12280	8736	Southwest Minn. St.	-	Totals	-	-	-	-	-	600:00	49	146	33.56	12	39	30.77	35	45	77.78	145	48.33	24	74	98	32.67	30	70	11	2	43	3	1	 	 
2016	12280	8736	Southwest Minn. St.	-	Opponent Totals	-	-	-	-	-	600:00	95	202	47.03	21	60	35.00	27	36	75.00	238	79.33	37	78	115	38.33	60	33	33	8	54	3	 	 	 
2016	12280	8744	Southwestern Okla.	-	Totals	-	-	-	-	-	600:00	70	190	36.84	12	48	25.00	52	79	65.82	204	68.00	36	98	134	44.67	24	48	5	15	49	3	1	 	 
2016	12280	8744	Southwestern Okla.	-	Opponent Totals	-	-	-	-	-	600:00	87	227	38.33	27	75	36.00	36	46	78.26	237	79.00	45	100	145	48.33	39	34	20	8	66	3	1	 	 
2016	12280	30191	Spring Hill	-	Totals	-	-	-	-	-	425:00	49	130	37.69	12	43	27.91	21	44	47.73	131	65.50	31	50	81	40.50	28	44	21	7	51	2	 	 	 
2016	12280	30191	Spring Hill	-	Opponent Totals	-	-	-	-	-	425:00	48	116	41.38	6	15	40.00	32	51	62.75	134	67.00	24	62	86	43.00	15	46	21	5	42	2	1	 	 
2016	12280	593	St. Anselm	-	Totals	-	-	-	-	-	400:00	47	120	39.17	9	29	31.03	27	38	71.05	130	65.00	18	66	84	42.00	19	37	11	13	46	2	1	 	 
2016	12280	593	St. Anselm	-	Opponent Totals	-	-	-	-	-	400:00	50	140	35.71	4	27	14.81	28	42	66.67	132	66.00	28	60	88	44.00	25	27	12	9	36	2	3	 	 
2016	12280	598	St. Cloud St.	-	Totals	-	-	-	-	-	400:00	35	108	32.41	7	30	23.33	15	19	78.95	92	46.00	18	54	72	36.00	24	41	10	6	40	2	1	 	 
2016	12280	598	St. Cloud St.	-	Opponent Totals	-	-	-	-	-	400:00	44	113	38.94	18	50	36.00	33	48	68.75	139	69.50	21	55	76	38.00	30	24	16	4	29	2	1	 	 
2016	12280	1334	St. Edward's	-	Totals	-	-	-	-	-	400:00	47	126	37.30	12	40	30.00	6	10	60.00	112	56.00	27	38	65	32.50	25	25	23	3	31	2	 	 	 
2016	12280	1334	St. Edward's	-	Opponent Totals	-	-	-	-	-	400:00	45	98	45.92	9	31	29.03	17	25	68.00	116	58.00	17	54	71	35.50	25	36	17	1	16	2	 	 	 
2016	12280	604	St. Joseph's (IN)	-	Totals	-	-	-	-	-	850:00	82	245	33.47	17	62	27.42	66	90	73.33	247	61.75	46	119	165	41.25	54	79	32	14	90	4	4	 	 
2016	12280	604	St. Joseph's (IN)	-	Opponent Totals	-	-	-	-	-	850:00	91	237	38.40	28	86	32.56	59	91	64.84	269	67.25	42	126	168	42.00	61	84	35	13	90	4	3	 	 
2016	12280	1346	St. Mary's (TX)	-	Totals	-	-	-	-	-	400:00	54	130	41.54	16	39	41.03	29	39	74.36	153	76.50	25	58	83	41.50	26	36	21	4	56	2	1	 	 
2016	12280	1346	St. Mary's (TX)	-	Opponent Totals	-	-	-	-	-	400:00	42	114	36.84	3	20	15.00	48	71	67.61	135	67.50	27	55	82	41.00	20	38	18	8	39	2	 	 	 
2016	12280	1348	St. Thomas Aquinas	-	Totals	-	-	-	-	-	600:00	78	201	38.81	21	56	37.50	68	82	82.93	245	81.67	52	69	121	40.33	44	45	39	5	38	3	 	 	 
2016	12280	1348	St. Thomas Aquinas	-	Opponent Totals	-	-	-	-	-	600:00	73	172	42.44	18	46	39.13	22	34	64.71	186	62.00	31	77	108	36.00	37	75	16	10	72	3	4	 	 
2016	12280	103	Stanislaus St.	-	Totals	-	-	-	-	-	822:00	91	226	40.27	20	71	28.17	70	101	69.31	272	68.00	49	132	181	45.25	53	110	27	18	90	4	1	 	 
2016	12280	103	Stanislaus St.	-	Opponent Totals	-	-	-	-	-	825:00	106	291	36.43	29	105	27.62	70	100	70.00	311	77.75	66	100	166	41.50	67	62	52	15	91	4	3	 	 
2016	12280	680	Stillman	-	Totals	-	-	-	-	-	398:00	53	169	31.36	5	36	13.89	32	53	60.38	143	71.50	49	66	115	57.50	31	40	26	8	49	2	4	 	 
2016	12280	680	Stillman	-	Opponent Totals	-	-	-	-	-	400:00	33	105	31.43	6	20	30.00	30	63	47.62	102	51.00	24	64	88	44.00	13	62	22	8	41	2	2	 	 
2016	12280	682	Stonehill	-	Totals	-	-	-	-	-	599:00	91	186	48.92	19	52	36.54	41	52	78.85	242	80.67	36	83	119	39.67	58	41	20	8	48	3	3	 	 
2016	12280	682	Stonehill	-	Opponent Totals	-	-	-	-	-	600:00	79	179	44.13	26	54	48.15	36	44	81.82	220	73.33	26	68	94	31.33	41	44	23	8	55	3	1	 	 
2016	12280	689	Tampa	-	Totals	-	-	-	-	-	800:00	95	206	46.12	31	82	37.80	36	52	69.23	257	64.25	25	116	141	35.25	65	59	16	13	51	4	2	 	 
2016	12280	689	Tampa	-	Opponent Totals	-	-	-	-	-	800:00	89	254	35.04	26	78	33.33	43	59	72.88	247	61.75	52	94	146	36.50	50	43	28	10	61	4	1	 	 
2016	12280	1395	Tarleton St.	-	Totals	-	-	-	-	-	600:00	79	185	42.70	22	70	31.43	42	52	80.77	222	74.00	31	83	114	38.00	48	46	28	5	59	3	3	 	 
2016	12280	1395	Tarleton St.	-	Opponent Totals	-	-	-	-	-	599:00	66	187	35.29	15	57	26.32	27	44	61.36	174	58.00	45	77	122	40.67	22	59	15	7	62	3	1	 	 
2016	12280	199	Tex. A&M-Commerce	-	Totals	-	-	-	-	-	800:00	105	276	38.04	13	60	21.67	77	105	73.33	300	75.00	66	111	177	44.25	44	55	35	8	75	4	1	 	 
2016	12280	199	Tex. A&M-Commerce	-	Opponent Totals	-	-	-	-	-	799:00	104	255	40.78	23	65	35.38	42	62	67.74	273	68.25	48	116	164	41.00	45	74	24	10	96	4	4	 	 
2016	12280	696	Tex. A&M-Kingsville	-	Totals	-	-	-	-	-	800:00	85	243	34.98	25	76	32.89	50	76	65.79	245	61.25	48	99	147	36.75	41	60	34	7	64	4	1	 	 
2016	12280	696	Tex. A&M-Kingsville	-	Opponent Totals	-	-	-	-	-	800:00	89	240	37.08	24	85	28.24	39	57	68.42	241	60.25	59	121	180	45.00	45	78	26	17	77	4	3	 	 
2016	12280	30088	Tex. Permian Basin	-	Totals	-	-	-	-	-	800:00	96	248	38.71	30	88	34.09	68	84	80.95	290	72.50	57	110	167	41.75	52	71	28	12	83	4	1	 	 
2016	12280	30088	Tex. Permian Basin	-	Opponent Totals	-	-	-	-	-	801:00	103	271	38.01	21	58	36.21	51	88	57.95	278	69.50	69	96	165	41.25	48	57	26	7	78	4	1	 	 
2016	12280	701	Texas Woman's	-	Totals	-	-	-	-	-	600:00	60	170	35.29	10	43	23.26	53	76	69.74	183	61.00	39	80	119	39.67	29	51	26	15	57	3	 	 	 
2016	12280	701	Texas Woman's	-	Opponent Totals	-	-	-	-	-	600:00	64	184	34.78	10	46	21.74	32	45	71.11	170	56.67	44	86	130	43.33	31	60	27	3	73	3	4	 	 
2016	12280	1403	Tiffin	-	Totals	-	-	-	-	-	400:00	51	128	39.84	16	53	30.19	11	16	68.75	129	64.50	20	39	59	29.50	31	27	11	2	46	2	2	 	 
2016	12280	1403	Tiffin	-	Opponent Totals	-	-	-	-	-	400:00	56	119	47.06	16	35	45.71	35	45	77.78	163	81.50	28	59	87	43.50	31	29	15	5	31	2	 	 	 
2016	12280	30002	Trevecca Nazarene	-	Totals	-	-	-	-	-	800:00	84	240	35.00	28	79	35.44	66	87	75.86	262	65.50	54	106	160	40.00	52	68	28	5	70	4	1	 	 
2016	12280	30002	Trevecca Nazarene	-	Opponent Totals	-	-	-	-	-	800:00	114	270	42.22	27	86	31.40	47	65	72.31	302	75.50	59	113	172	43.00	58	66	36	26	84	4	2	 	 
2016	12280	499	Truman	-	Totals	-	-	-	-	-	801:00	96	218	44.04	13	53	24.53	50	65	76.92	255	63.75	46	106	152	38.00	46	48	22	13	58	4	 	 	 
2016	12280	499	Truman	-	Opponent Totals	-	-	-	-	-	799:00	78	212	36.79	20	75	26.67	37	58	63.79	213	53.25	36	80	116	29.00	27	44	23	6	78	4	1	 	 
2016	12280	12830	Tusculum	-	Totals	-	-	-	-	-	425:00	58	140	41.43	9	34	26.47	9	20	45.00	134	67.00	30	69	99	49.50	31	42	21	7	56	2	2	 	 
2016	12280	12830	Tusculum	-	Opponent Totals	-	-	-	-	-	425:00	34	112	30.36	8	36	22.22	34	70	48.57	110	55.00	24	54	78	39.00	22	38	17	8	32	2	 	 	 
2016	12280	720	Tuskegee	-	Totals	-	-	-	-	-	800:00	80	222	36.04	14	49	28.57	40	77	51.95	214	53.50	53	107	160	40.00	45	67	21	2	92	4	8	 	 
2016	12280	720	Tuskegee	-	Opponent Totals	-	-	-	-	-	800:00	84	224	37.50	26	83	31.33	61	79	77.22	255	63.75	44	111	155	38.75	50	56	37	4	85	4	4	 	 
2016	12280	112	UC San Diego	-	Totals	-	-	-	-	-	600:00	72	182	39.56	20	59	33.90	33	46	71.74	197	65.67	42	84	126	42.00	44	45	22	3	47	3	 	 	 
2016	12280	112	UC San Diego	-	Opponent Totals	-	-	-	-	-	600:00	68	183	37.16	17	49	34.69	32	41	78.05	185	61.67	37	76	113	37.67	23	42	19	10	51	3	 	 	 
2016	12280	9754	UC-Colo. Springs	-	Totals	-	-	-	-	-	600:00	77	209	36.84	28	90	31.11	29	39	74.36	211	70.33	54	71	125	41.67	55	43	37	9	63	3	2	 	 
2016	12280	9754	UC-Colo. Springs	-	Opponent Totals	-	-	-	-	-	600:00	68	162	41.98	15	44	34.09	42	61	68.85	193	64.33	33	86	119	39.67	38	57	23	5	54	3	1	 	 
2016	12280	309	UIndy	-	Totals	-	-	-	-	-	1000:00	105	264	39.77	33	113	29.20	42	55	76.36	285	57.00	36	126	162	32.40	60	93	27	15	99	5	4	 	 
2016	12280	309	UIndy	-	Opponent Totals	-	-	-	-	-	1000:00	117	280	41.79	35	87	40.23	80	117	68.38	349	69.80	47	126	173	34.60	56	53	43	8	62	5	1	 	 
2016	12280	537	UNC Pembroke	-	Totals	-	-	-	-	-	400:00	42	119	35.29	10	34	29.41	32	41	78.05	126	63.00	20	49	69	34.50	29	25	27	11	29	2	 	 	 
2016	12280	537	UNC Pembroke	-	Opponent Totals	-	-	-	-	-	400:00	39	110	35.45	11	42	26.19	18	31	58.06	107	53.50	26	59	85	42.50	25	44	17	4	39	2	 	 	 
2016	12280	28594	USciences	-	Totals	-	-	-	-	-	600:00	47	178	26.40	21	85	24.71	20	24	83.33	135	45.00	53	73	126	42.00	33	54	22	4	54	3	 	 	 
2016	12280	28594	USciences	-	Opponent Totals	-	-	-	-	-	600:00	59	150	39.33	14	40	35.00	33	48	68.75	165	55.00	25	80	105	35.00	43	42	23	6	43	3	1	 	 
2016	12280	30181	UVa-Wise	-	Totals	-	-	-	-	-	200:00	19	50	38.00	5	16	31.25	23	36	63.89	66	66.00	15	21	36	36.00	8	21	7	1	20	1	 	 	 
2016	12280	30181	UVa-Wise	-	Opponent Totals	-	-	-	-	-	200:00	19	43	44.19	4	10	40.00	13	20	65.00	55	55.00	8	21	29	29.00	6	33	7	8	31	1	2	 	 
2016	12280	30153	Union (TN)	-	Totals	-	-	-	-	-	825:00	122	255	47.84	51	109	46.79	48	66	72.73	343	85.75	52	133	185	46.25	82	48	18	11	74	4	1	 	 
2016	12280	30153	Union (TN)	-	Opponent Totals	-	-	-	-	-	825:00	87	251	34.66	23	102	22.55	43	65	66.15	240	60.00	44	83	127	31.75	48	38	17	9	66	4	1	 	 
2016	12280	728	Upper Iowa	-	Totals	-	-	-	-	-	800:00	91	220	41.36	27	78	34.62	64	81	79.01	273	68.25	46	93	139	34.75	47	94	18	7	75	4	 	 	 
2016	12280	728	Upper Iowa	-	Opponent Totals	-	-	-	-	-	800:00	119	250	47.60	17	58	29.31	56	67	83.58	311	77.75	40	84	124	31.00	55	64	53	10	77	4	3	 	 
2016	12280	30140	Ursuline	-	Totals	-	-	-	-	-	400:00	54	121	44.63	21	57	36.84	48	63	76.19	177	88.50	18	53	71	35.50	38	30	29	2	41	2	2	 	 
2016	12280	30140	Ursuline	-	Opponent Totals	-	-	-	-	-	400:00	47	128	36.72	15	53	28.30	23	30	76.67	132	66.00	30	55	85	42.50	29	51	9	3	51	2	1	 	 
2016	12280	734	Valdosta St.	-	Totals	-	-	-	-	-	600:00	66	171	38.60	16	62	25.81	40	60	66.67	188	62.67	43	88	131	43.67	34	39	30	2	49	3	1	 	 
2016	12280	734	Valdosta St.	-	Opponent Totals	-	-	-	-	-	600:00	49	160	30.62	10	55	18.18	23	38	60.53	131	43.67	30	70	100	33.33	17	47	20	5	56	3	4	 	 
2016	12280	743	Virginia St.	-	Totals	-	-	-	-	-	600:00	78	193	40.41	11	41	26.83	29	41	70.73	196	65.33	44	81	125	41.67	49	56	35	12	73	3	3	 	 
2016	12280	743	Virginia St.	-	Opponent Totals	-	-	-	-	-	600:00	58	163	35.58	13	47	27.66	52	80	65.00	181	60.33	36	81	117	39.00	33	63	31	9	49	3	 	 	 
2016	12280	744	Virginia Union	-	Totals	-	-	-	-	-	625:00	98	203	48.28	16	45	35.56	37	69	53.62	249	83.00	50	96	146	48.67	52	60	25	14	74	3	1	 	 
2016	12280	744	Virginia Union	-	Opponent Totals	-	-	-	-	-	625:00	75	205	36.59	16	59	27.12	39	62	62.90	205	68.33	42	64	106	35.33	51	58	19	7	62	3	2	 	 
2016	12280	30141	Walsh	-	Totals	-	-	-	-	-	400:00	35	106	33.02	9	37	24.32	34	48	70.83	113	56.50	26	58	84	42.00	17	32	19	6	32	2	 	 	 
2016	12280	30141	Walsh	-	Opponent Totals	-	-	-	-	-	400:00	39	106	36.79	10	39	25.64	20	32	62.50	108	54.00	17	49	66	33.00	23	36	19	3	41	2	2	 	 
2016	12280	2814	Washburn	-	Totals	-	-	-	-	-	600:00	72	158	45.57	26	67	38.81	39	58	67.24	209	69.67	29	87	116	38.67	50	44	13	13	56	3	2	 	 
2016	12280	2814	Washburn	-	Opponent Totals	-	-	-	-	-	600:00	54	170	31.76	17	62	27.42	49	61	80.33	174	58.00	30	61	91	30.33	33	35	21	2	55	3	 	 	 
2016	12280	757	Wayne St. (MI)	-	Totals	-	-	-	-	-	600:00	95	204	46.57	15	44	34.09	48	71	67.61	253	84.33	51	96	147	49.00	41	48	45	12	51	3	2	 	 
2016	12280	757	Wayne St. (MI)	-	Opponent Totals	-	-	-	-	-	600:00	57	181	31.49	17	71	23.94	31	50	62.00	162	54.00	34	66	100	33.33	33	66	26	9	51	3	1	 	 
2016	12280	1433	Wayne St. (NE)	-	Totals	-	-	-	-	-	800:00	113	245	46.12	32	86	37.21	69	97	71.13	327	81.75	68	120	188	47.00	64	71	39	23	58	4	 	 	 
2016	12280	1433	Wayne St. (NE)	-	Opponent Totals	-	-	-	-	-	800:00	84	250	33.60	29	96	30.21	35	42	83.33	232	58.00	49	78	127	31.75	48	68	38	10	82	4	1	 	 
2016	12280	358	West Ala.	-	Totals	-	-	-	-	-	625:00	76	177	42.94	10	23	43.48	44	67	65.67	206	68.67	37	91	128	42.67	29	78	29	7	55	3	1	 	 
2016	12280	358	West Ala.	-	Opponent Totals	-	-	-	-	-	625:00	89	213	41.78	23	74	31.08	33	60	55.00	234	78.00	49	72	121	40.33	51	60	36	13	74	3	 	 	 
2016	12280	765	West Chester	-	Totals	-	-	-	-	-	800:00	93	263	35.36	23	98	23.47	63	85	74.12	272	68.00	70	99	169	42.25	61	81	47	14	65	4	1	 	 
2016	12280	765	West Chester	-	Opponent Totals	-	-	-	-	-	800:00	97	239	40.59	23	72	31.94	35	67	52.24	252	63.00	55	112	167	41.75	44	91	35	8	80	4	2	 	 
2016	12280	11740	West Florida	-	Totals	-	-	-	-	-	200:00	23	55	41.82	4	11	36.36	15	21	71.43	65	65.00	9	28	37	37.00	12	21	9	1	23	1	 	 	 
2016	12280	11740	West Florida	-	Opponent Totals	-	-	-	-	-	200:00	26	68	38.24	7	25	28.00	13	20	65.00	72	72.00	19	25	44	44.00	10	18	7	4	22	1	 	 	 
2016	12280	766	West Ga.	-	Totals	-	-	-	-	-	800:00	78	220	35.45	20	76	26.32	58	81	71.60	234	58.50	32	86	118	29.50	36	38	37	1	68	4	2	 	 
2016	12280	766	West Ga.	-	Opponent Totals	-	-	-	-	-	800:00	87	215	40.47	27	79	34.18	45	66	68.18	246	61.50	53	119	172	43.00	51	69	7	10	81	4	1	 	 
2016	12280	1438	West Liberty	-	Totals	-	-	-	-	-	600:00	90	195	46.15	27	74	36.49	28	43	65.12	235	78.33	28	91	119	39.67	57	47	14	19	63	3	2	 	 
2016	12280	1438	West Liberty	-	Opponent Totals	-	-	-	-	-	600:00	76	202	37.62	9	40	22.50	41	61	67.21	202	67.33	41	85	126	42.00	28	38	21	8	50	3	1	 	 
2016	12280	767	West Tex. A&M	-	Totals	-	-	-	-	-	800:00	96	213	45.07	22	59	37.29	40	61	65.57	254	63.50	43	109	152	38.00	64	65	45	12	65	4	1	 	 
2016	12280	767	West Tex. A&M	-	Opponent Totals	-	-	-	-	-	801:00	76	223	34.08	27	83	32.53	18	38	47.37	197	49.25	43	86	129	32.25	50	74	24	9	71	4	1	 	 
2016	12280	9630	West Va. Wesleyan	-	Totals	-	-	-	-	-	200:00	28	79	35.44	6	32	18.75	11	18	61.11	73	73.00	19	27	46	46.00	11	21	8	5	19	1	 	 	 
2016	12280	9630	West Va. Wesleyan	-	Opponent Totals	-	-	-	-	-	200:00	34	83	40.96	5	16	31.25	13	20	65.00	86	86.00	25	33	58	58.00	21	20	10	9	17	1	 	 	 
2016	12280	1439	West Virginia St.	-	Totals	-	-	-	-	-	600:00	60	180	33.33	10	50	20.00	46	71	64.79	176	58.67	40	76	116	38.67	27	41	17	4	42	3	 	 	 
2016	12280	1439	West Virginia St.	-	Opponent Totals	-	-	-	-	-	600:00	83	204	40.69	11	50	22.00	27	40	67.50	204	68.00	50	97	147	49.00	34	37	28	19	68	3	 	 	 
2016	12280	1445	Western N.M.	-	Totals	-	-	-	-	-	600:00	65	190	34.21	12	48	25.00	32	49	65.31	174	58.00	43	75	118	39.33	29	50	31	6	45	3	 	 	 
2016	12280	1445	Western N.M.	-	Opponent Totals	-	-	-	-	-	600:00	58	180	32.22	15	55	27.27	27	40	67.50	158	52.67	41	78	119	39.67	39	57	26	8	52	3	1	 	 
2016	12280	1446	Western Ore.	-	Totals	-	-	-	-	-	400:00	30	95	31.58	6	29	20.69	26	51	50.98	92	46.00	31	45	76	38.00	10	36	12	2	33	2	 	 	 
2016	12280	1446	Western Ore.	-	Opponent Totals	-	-	-	-	-	400:00	45	106	42.45	8	30	26.67	18	26	69.23	116	58.00	19	45	64	32.00	26	29	16	4	40	2	2	 	 
2016	12280	1448	Western Wash.	-	Totals	-	-	-	-	-	600:00	101	196	51.53	10	26	38.46	17	20	85.00	229	76.33	43	71	114	38.00	52	46	27	11	53	3	3	 	 
2016	12280	1448	Western Wash.	-	Opponent Totals	-	-	-	-	-	600:00	75	165	45.45	23	45	51.11	38	56	67.86	211	70.33	30	52	82	27.33	46	46	22	7	29	3	 	 	 
2016	12280	30209	Westminster (UT)	-	Totals	-	-	-	-	-	400:00	35	102	34.31	12	47	25.53	30	41	73.17	112	56.00	26	59	85	42.50	28	36	20	5	24	2	 	 	 
2016	12280	30209	Westminster (UT)	-	Opponent Totals	-	-	-	-	-	400:00	39	132	29.55	12	51	23.53	11	23	47.83	101	50.50	38	45	83	41.50	26	25	22	1	37	2	 	 	 
2016	12280	12799	Wheeling Jesuit	-	Totals	-	-	-	-	-	600:00	74	188	39.36	16	56	28.57	26	46	56.52	190	63.33	38	65	103	34.33	42	51	34	5	72	3	1	 	 
2016	12280	12799	Wheeling Jesuit	-	Opponent Totals	-	-	-	-	-	600:00	50	141	35.46	9	39	23.08	46	76	60.53	155	51.67	39	88	127	42.33	30	76	23	9	59	3	1	 	 
2016	12280	30120	William Jewell	-	Totals	-	-	-	-	-	1225:00	107	329	32.52	43	133	32.33	93	124	75.00	350	58.33	70	141	211	35.17	74	132	44	12	135	6	4	 	 
2016	12280	30120	William Jewell	-	Opponent Totals	-	-	-	-	-	1226:00	155	368	42.12	43	133	32.33	93	139	66.91	446	74.33	94	165	259	43.17	93	120	64	23	132	6	5	 	 
2016	12280	1460	Wilmington (DE)	-	Totals	-	-	-	-	-	625:00	89	228	39.04	10	44	22.73	54	82	65.85	242	80.67	47	97	144	48.00	38	64	44	11	74	3	1	 	 
2016	12280	1460	Wilmington (DE)	-	Opponent Totals	-	-	-	-	-	625:00	83	212	39.15	10	49	20.41	47	84	55.95	223	74.33	55	109	164	54.67	40	79	25	8	65	3	1	 	 
2016	12280	1462	Wingate	-	Totals	-	-	-	-	-	200:00	18	52	34.62	7	15	46.67	13	22	59.09	56	56.00	12	22	34	34.00	8	17	6	 	23	1	1	 	 
2016	12280	1462	Wingate	-	Opponent Totals	-	-	-	-	-	200:00	19	47	40.43	9	23	39.13	15	22	68.18	62	62.00	9	25	34	34.00	14	15	5	9	20	1	 	 	 
2016	12280	790	Winona St.	-	Totals	-	-	-	-	-	1200:00	175	370	47.30	46	108	42.59	84	94	89.36	480	80.00	72	167	239	39.83	107	63	49	18	95	6	1	 	 
2016	12280	790	Winona St.	-	Opponent Totals	-	-	-	-	-	1200:00	110	326	33.74	43	137	31.39	49	80	61.25	312	52.00	63	128	191	31.83	50	104	29	17	104	6	5	 	 
2016	12280	791	Winston-Salem	-	Totals	-	-	-	-	-	600:00	71	159	44.65	8	25	32.00	34	50	68.00	184	61.33	31	83	114	38.00	38	79	20	18	63	3	2	 	 
2016	12280	791	Winston-Salem	-	Opponent Totals	-	-	-	-	-	600:00	67	176	38.07	13	54	24.07	40	67	59.70	187	62.33	37	64	101	33.67	28	57	28	5	52	3	 	 	 
2016	12280	799	Wis.-Parkside	-	Totals	-	-	-	-	-	400:00	54	131	41.22	7	31	22.58	28	34	82.35	143	71.50	39	55	94	47.00	26	36	19	6	36	2	1	 	 
2016	12280	799	Wis.-Parkside	-	Opponent Totals	-	-	-	-	-	400:00	40	108	37.04	10	38	26.32	20	29	68.97	110	55.00	15	40	55	27.50	23	36	15	3	41	2	1	 	 
2016	12280	30154	Young Harris	-	Totals	-	-	-	-	-	400:00	62	149	41.61	14	39	35.90	19	35	54.29	157	78.50	35	45	80	40.00	35	29	36	6	39	2	 	 	 
2016	12280	30154	Young Harris	-	Opponent Totals	-	-	-	-	-	400:00	46	110	41.82	15	42	35.71	31	46	67.39	138	69.00	25	57	82	41.00	30	52	15	3	34	2	1	 	 
