rk,school,div,str,ofs,dfs,sos
1,Baylor,D1,2.023,1.441,0.713,1.060
2,UConn,D1,2.007,1.490,0.742,1.109
3,Florida St.,D1,1.727,1.358,0.787,1.073
4,South Carolina,D1,1.727,1.343,0.778,1.094
5,Mississippi St.,D1,1.683,1.306,0.776,1.071
6,Washington,D1,1.644,1.466,0.892,1.077
7,Notre Dame,D1,1.623,1.332,0.821,1.101
8,Stanford,D1,1.603,1.282,0.799,1.087
9,Maryland,D1,1.596,1.466,0.918,1.042
10,Duke,D1,1.554,1.237,0.796,1.071
11,Texas,D1,1.542,1.251,0.811,1.093
12,Louisville,D1,1.515,1.252,0.827,1.078
13,Michigan,D1,1.510,1.279,0.847,1.041
14,Oregon St.,D1,1.483,1.146,0.773,1.073
15,UCLA,D1,1.476,1.284,0.870,1.098
16,Green Bay,D1,1.449,1.067,0.736,1.005
17,Tennessee,D1,1.424,1.272,0.893,1.105
18,Arizona St.,D1,1.423,1.057,0.743,1.091
19,Kentucky,D1,1.416,1.209,0.854,1.090
20,Kansas St.,D1,1.414,1.168,0.826,1.101
21,West Virginia,D1,1.413,1.239,0.876,1.045
22,North Carolina St.,D1,1.387,1.158,0.835,1.046
23,Syracuse,D1,1.383,1.329,0.961,1.063
24,Virginia,D1,1.368,1.084,0.792,1.036
25,Ohio St.,D1,1.366,1.388,1.016,1.059
26,DePaul,D1,1.363,1.353,0.992,1.065
27,Oklahoma,D1,1.352,1.262,0.933,1.083
28,Miami (FL),D1,1.350,1.184,0.877,1.060
29,Oregon,D1,1.343,1.212,0.902,1.084
30,Gonzaga,D1,1.332,1.139,0.855,1.016
31,Indiana,D1,1.332,1.298,0.974,1.040
32,Iowa,D1,1.329,1.241,0.934,1.066
33,Texas A&M,D1,1.322,1.189,0.899,1.064
34,LSU,D1,1.322,1.102,0.834,1.086
35,South Fla.,D1,1.311,1.148,0.876,1.030
36,Auburn,D1,1.292,1.080,0.836,1.072
37,California,D1,1.286,1.189,0.924,1.061
38,Florida,D1,1.282,1.243,0.969,1.065
39,Washington St.,D1,1.276,1.178,0.923,1.119
40,Oklahoma St.,D1,1.273,1.133,0.890,1.086
41,Ole Miss,D1,1.273,1.104,0.867,1.027
42,Temple,D1,1.272,1.152,0.906,1.036
43,Northwestern,D1,1.267,1.150,0.908,1.049
44,Southern California,D1,1.267,1.161,0.917,1.074
45,Colorado St.,D1,1.264,1.005,0.795,0.990
46,Michigan St.,D1,1.257,1.161,0.924,1.041
47,Creighton,D1,1.256,1.056,0.841,1.052
48,Purdue,D1,1.254,1.057,0.843,1.030
49,Elon,D1,1.252,1.150,0.918,1.034
50,Drake,D1,1.251,1.293,1.033,1.018
51,Texas Tech,D1,1.250,1.146,0.917,1.078
52,Drexel,D1,1.247,1.032,0.828,1.007
53,Missouri,D1,1.246,1.098,0.881,1.063
54,TCU,D1,1.235,1.183,0.957,1.063
55,Western Ky.,D1,1.235,1.136,0.920,1.000
56,Iowa St.,D1,1.233,1.201,0.974,1.079
57,Marquette,D1,1.225,1.287,1.051,1.043
58,James Madison,D1,1.225,1.181,0.964,1.032
59,Utah,D1,1.215,1.082,0.890,1.064
60,Virginia Tech,D1,1.214,1.149,0.946,1.043
61,Georgia Tech,D1,1.213,1.097,0.904,1.065
62,Alabama,D1,1.211,1.121,0.926,1.014
63,South Dakota St.,D1,1.211,1.105,0.913,1.027
64,Ashland,D2,1.211,1.311,1.083,0.899
65,Penn St.,D1,1.211,1.180,0.975,1.042
66,George Washington,D1,1.208,1.059,0.877,1.036
67,Saint Louis,D1,1.204,1.152,0.956,0.985
68,Colorado,D1,1.204,1.185,0.984,1.053
69,Arkansas,D1,1.201,1.055,0.878,1.023
70,St. John's (NY),D1,1.198,1.010,0.843,1.030
71,North Carolina,D1,1.197,1.202,1.004,1.048
72,Minnesota,D1,1.195,1.214,1.016,1.086
73,BYU,D1,1.193,1.088,0.912,1.041
74,Georgetown,D1,1.190,1.062,0.893,1.042
75,Dayton,D1,1.187,1.100,0.927,1.033
76,Wyoming,D1,1.181,1.015,0.859,0.985
77,Quinnipiac,D1,1.181,1.075,0.910,0.997
78,Tulane,D1,1.181,1.090,0.923,1.052
79,Toledo,D1,1.170,1.089,0.931,1.012
80,Ohio,D1,1.166,1.074,0.921,1.002
81,Wake Forest,D1,1.163,1.091,0.938,1.053
82,FGCU,D1,1.157,1.072,0.927,0.977
83,Alas. Anchorage,D2,1.156,1.083,0.936,0.868
84,Georgia,D1,1.152,1.042,0.905,1.066
85,UCF,D1,1.152,0.998,0.866,0.998
86,UNI,D1,1.151,1.020,0.887,1.014
87,St. Mary's (CA),D1,1.145,1.146,1.002,1.033
88,South Dakota,D1,1.142,1.102,0.965,1.000
89,Villanova,D1,1.141,1.022,0.895,1.063
90,Vanderbilt,D1,1.140,1.176,1.031,1.056
91,Ball St.,D1,1.131,1.100,0.973,0.986
92,UT Arlington,D1,1.129,1.054,0.934,0.984
93,Northern Colo.,D1,1.129,1.066,0.944,0.992
94,Pittsburgh,D1,1.127,1.000,0.887,1.036
95,Middle Tenn.,D1,1.127,1.084,0.962,1.037
96,UC Davis,D1,1.126,1.089,0.967,1.004
97,Bucknell,D1,1.125,1.040,0.924,0.986
98,Boise St.,D1,1.122,1.099,0.979,1.027
99,Montana St.,D1,1.122,1.099,0.980,1.010
100,IUPUI,D1,1.121,1.008,0.899,1.001
101,Buffalo,D1,1.119,1.066,0.953,1.001
102,Princeton,D1,1.118,1.029,0.920,0.993
103,SMU,D1,1.116,0.975,0.874,1.037
104,Penn,D1,1.113,0.951,0.854,0.986
105,Arizona,D1,1.113,1.052,0.945,1.054
106,Charlotte,D1,1.112,1.110,0.998,1.004
107,Harvard,D1,1.107,1.081,0.976,0.989
108,Central Mich.,D1,1.103,1.138,1.032,1.012
109,New Mexico,D1,1.102,1.067,0.968,1.020
110,Little Rock,D1,1.101,0.953,0.866,1.012
111,Belmont,D1,1.099,1.141,1.038,0.974
112,Chattanooga,D1,1.097,1.003,0.914,1.032
113,Saint Joseph's,D1,1.089,1.028,0.944,1.021
114,Western Ill.,D1,1.087,1.152,1.060,0.980
115,Long Beach St.,D1,1.080,1.038,0.961,1.026
116,UNLV,D1,1.079,0.966,0.895,1.024
117,San Diego,D1,1.077,1.043,0.968,1.014
118,William & Mary,D1,1.077,0.971,0.902,0.982
119,Santa Clara,D1,1.076,0.976,0.908,1.031
120,Northern Ill.,D1,1.072,1.329,1.239,0.988
121,New Mexico St.,D1,1.065,1.018,0.956,0.967
122,SFA,D1,1.061,1.092,1.029,0.949
123,Southern Miss.,D1,1.060,1.073,1.012,0.995
124,Boston College,D1,1.060,0.984,0.929,1.045
125,Mercer,D1,1.060,1.001,0.944,0.963
126,Kansas,D1,1.060,1.032,0.974,1.097
127,Troy,D1,1.059,1.268,1.197,0.976
128,Idaho,D1,1.058,1.145,1.082,1.012
129,Oral Roberts,D1,1.058,1.006,0.950,1.021
130,Old Dominion,D1,1.057,1.084,1.026,1.025
131,Fordham,D1,1.057,0.949,0.898,1.009
132,Tulsa,D1,1.056,1.110,1.051,1.053
133,Western Mich.,D1,1.055,1.020,0.967,0.978
134,Navy,D1,1.055,1.069,1.014,0.963
135,Duquesne,D1,1.047,1.051,1.003,1.026
136,San Francisco,D1,1.047,1.036,0.989,1.028
137,Rice,D1,1.046,0.955,0.913,0.977
138,Maine,D1,1.045,0.949,0.909,1.008
139,Omaha,D1,1.044,1.066,1.021,1.009
140,Milwaukee,D1,1.044,1.100,1.054,0.963
141,Amherst,D3,1.043,0.914,0.876,0.797
142,Eastern Wash.,D1,1.042,1.037,0.996,1.014
143,UC Riverside,D1,1.040,0.996,0.958,1.008
144,North Dakota,D1,1.038,1.098,1.058,1.004
145,Emporia St.,D2,1.037,1.033,0.995,0.917
146,California (PA),D2,1.037,1.071,1.033,0.871
147,VCU,D1,1.037,1.028,0.991,1.010
148,Providence,D1,1.035,0.957,0.925,1.014
149,Louisiana Tech,D1,1.031,1.035,1.003,0.997
150,Hampton,D1,1.031,0.983,0.953,0.988
151,Central Ark.,D1,1.030,0.934,0.907,0.948
152,UAB,D1,1.029,0.974,0.946,0.995
153,Pacific,D1,1.028,1.063,1.035,1.041
154,Xavier,D1,1.028,0.971,0.944,1.015
155,Loyola Marymount,D1,1.028,1.025,0.997,1.023
156,Clemson,D1,1.028,0.958,0.932,1.041
157,Cornell,D1,1.026,0.982,0.957,0.976
158,Wright St.,D1,1.023,1.040,1.017,0.970
159,Lamar University,D1,1.022,1.031,1.009,0.930
160,Fresno St.,D1,1.022,0.959,0.938,1.006
161,Missouri St.,D1,1.021,1.006,0.986,1.012
162,George Mason,D1,1.019,0.986,0.967,0.998
163,Detroit,D1,1.017,1.087,1.068,0.982
164,Army West Point,D1,1.017,0.993,0.977,0.942
165,Oakland,D1,1.015,1.088,1.071,0.996
166,Kent St.,D1,1.015,1.068,1.053,1.025
167,New Hampshire,D1,1.015,0.933,0.919,0.953
168,Stetson,D1,1.013,1.036,1.023,0.951
169,Cincinnati,D1,1.012,0.985,0.973,0.986
170,Delaware,D1,1.012,0.945,0.934,1.013
171,Yale,D1,1.011,0.988,0.977,0.973
172,Jacksonville,D1,1.007,0.984,0.977,0.976
173,Cal Poly,D1,1.006,1.053,1.047,1.013
174,American,D1,1.005,0.935,0.931,0.991
175,Illinois,D1,1.003,1.000,0.997,1.047
176,La Salle,D1,1.003,0.981,0.978,0.980
177,Nebraska,D1,1.003,1.034,1.031,1.101
178,Abilene Christian,D1,1.003,1.028,1.025,0.969
179,Grand Valley St.,D2,0.996,0.886,0.890,0.911
180,Pittsburg St.,D2,0.995,1.040,1.045,0.882
181,Rider,D1,0.994,1.018,1.024,0.969
182,Towson,D1,0.991,1.015,1.024,0.993
183,UTSA,D1,0.991,1.061,1.070,1.006
184,Radford,D1,0.990,0.909,0.918,0.948
185,Iona,D1,0.990,0.943,0.952,0.980
186,Drury,D2,0.990,1.042,1.053,0.883
187,Rutgers,D1,0.989,0.850,0.859,1.073
188,Wichita St.,D1,0.987,1.025,1.039,1.002
189,Campbell,D1,0.986,0.834,0.847,0.909
190,Furman,D1,0.985,0.949,0.964,0.962
191,UC Santa Barbara,D1,0.985,0.970,0.985,0.990
192,Memphis,D1,0.982,0.944,0.961,1.016
193,Northern Ariz.,D1,0.981,1.012,1.032,1.002
194,Columbus St.,D2,0.980,1.018,1.039,0.860
195,Seattle U,D1,0.978,0.980,1.002,1.006
196,Marshall,D1,0.978,1.041,1.065,0.966
197,Hartford,D1,0.977,1.064,1.089,0.975
198,CSUN,D1,0.976,1.022,1.046,1.021
199,CSU Bakersfield,D1,0.975,0.964,0.989,0.980
200,Utah St.,D1,0.975,0.935,0.959,0.994
201,ETSU,D1,0.970,1.021,1.052,0.977
202,East Carolina,D1,0.970,0.993,1.024,1.046
203,Columbia,D1,0.968,1.002,1.035,0.956
204,Seton Hall,D1,0.967,1.057,1.093,1.018
205,Akron,D1,0.965,1.019,1.055,0.998
206,Weber St.,D1,0.965,1.045,1.083,0.984
207,Grand Canyon,D1,0.965,0.987,1.023,0.980
208,Col. of Charleston,D1,0.961,1.031,1.072,1.012
209,Hofstra,D1,0.960,0.947,0.986,1.000
210,North Texas,D1,0.959,0.945,0.986,1.019
211,Western Wash.,D2,0.956,1.009,1.056,0.886
212,San Jose St.,D1,0.954,1.136,1.191,1.036
213,Morehead St.,D1,0.952,1.007,1.059,0.953
214,Sacramento St.,D1,0.951,1.268,1.333,0.995
215,Idaho St.,D1,0.951,0.883,0.928,1.003
216,Siena,D1,0.950,0.993,1.045,0.983
217,Indiana St.,D1,0.950,0.868,0.915,0.985
218,Hawaii,D1,0.949,0.904,0.952,1.022
219,MSU Moorhead,D2,0.947,0.958,1.012,0.893
220,Wisconsin,D1,0.946,0.959,1.014,1.050
221,Lewis,D2,0.943,0.977,1.035,0.892
222,Albany (NY),D1,0.941,1.002,1.065,0.966
223,Appalachian St.,D1,0.940,0.979,1.042,0.993
224,Angelo St.,D2,0.939,1.074,1.144,0.886
225,Southern Ind.,D2,0.939,1.021,1.088,0.871
226,Central Mo.,D2,0.938,0.968,1.031,0.893
227,Butler,D1,0.938,0.938,1.000,1.044
228,Houston,D1,0.937,0.975,1.041,1.021
229,Michigan Tech,D2,0.936,0.952,1.017,0.919
230,Brown,D1,0.936,1.101,1.176,0.942
231,Northeastern,D1,0.935,0.952,1.019,1.034
232,Richmond,D1,0.935,0.897,0.959,0.985
233,UNCG,D1,0.935,0.926,0.991,0.932
234,Saginaw Valley,D2,0.932,0.988,1.060,0.916
235,Binghamton,D1,0.929,0.944,1.016,0.954
236,Eckerd,D2,0.929,0.960,1.033,0.862
237,Portland St.,D1,0.927,1.047,1.129,0.989
238,Southern Ill.,D1,0.927,0.971,1.047,0.987
239,Dartmouth,D1,0.926,0.935,1.009,0.986
240,Ohio Dominican,D2,0.925,1.001,1.082,0.909
241,St. Bonaventure,D1,0.924,0.863,0.934,0.994
242,Samford,D1,0.923,0.866,0.938,0.984
243,Central Okla.,D2,0.922,0.926,1.004,0.887
244,Loyola Maryland,D1,0.921,0.928,1.008,0.974
245,Robert Morris,D1,0.921,0.898,0.976,0.938
246,Jacksonville St.,D1,0.920,0.933,1.014,0.960
247,Saint Francis (PA),D1,0.920,1.160,1.261,0.948
248,Northern St.,D2,0.919,0.939,1.021,0.893
249,Marist,D1,0.919,0.963,1.047,0.972
250,Portland,D1,0.919,0.930,1.011,1.053
251,Nevada,D1,0.919,1.014,1.104,0.995
252,UTRGV,D1,0.918,0.955,1.040,0.956
253,Pepperdine,D1,0.917,0.949,1.035,1.019
254,Monmouth,D1,0.916,0.992,1.083,0.962
255,Colorado St.-Pueblo,D2,0.915,0.982,1.074,0.874
256,Denver,D1,0.914,0.992,1.085,1.001
257,West Tex. A&M,D2,0.914,0.920,1.006,0.891
258,Fairfield,D1,0.912,0.892,0.978,0.971
259,Augustana (SD),D2,0.911,1.042,1.144,0.909
260,San Diego St.,D1,0.911,1.002,1.100,1.015
261,Simon Fraser,D2,0.909,1.004,1.104,0.897
262,Norfolk St.,D1,0.909,0.907,0.998,0.920
263,Eastern Mich.,D1,0.908,0.969,1.067,0.998
264,Southern Utah,D1,0.906,0.978,1.078,1.014
265,UMES,D1,0.906,0.974,1.075,0.957
266,Stony Brook,D1,0.905,0.859,0.950,0.966
267,UNC Asheville,D1,0.905,0.947,1.047,0.951
268,Niagara,D1,0.905,0.968,1.070,1.016
269,Edinboro,D2,0.903,0.944,1.045,0.873
270,UTEP,D1,0.902,0.972,1.078,1.009
271,Louisiana,D1,0.901,1.014,1.126,0.973
272,Lander,D2,0.900,1.030,1.144,0.882
273,Bowling Green,D1,0.900,0.929,1.032,0.997
274,SIUE,D1,0.900,1.004,1.115,0.984
275,Sioux Falls,D2,0.900,0.888,0.986,0.897
276,Cleveland St.,D1,0.899,0.981,1.092,0.980
277,Bethune-Cookman,D1,0.898,0.876,0.975,0.932
278,California Baptist,D2,0.897,1.128,1.259,0.859
279,UIndy,D2,0.896,0.913,1.019,0.911
280,Mo. Western St.,D2,0.895,0.919,1.027,0.898
281,Adelphi,D2,0.895,0.898,1.002,0.876
282,High Point,D1,0.893,0.998,1.117,0.951
283,UT Martin,D1,0.892,1.064,1.194,0.998
284,Texas St.,D1,0.892,0.842,0.944,0.966
285,Virginia Union,D2,0.891,1.047,1.175,0.847
286,Miami (OH),D1,0.890,0.930,1.045,0.994
287,Massachusetts,D1,0.890,0.900,1.012,0.981
288,Colgate,D1,0.889,1.026,1.154,0.980
289,Canisius,D1,0.888,0.925,1.042,0.985
290,Coastal Caro.,D1,0.888,0.964,1.085,0.951
291,Seattle Pacific,D2,0.888,0.884,0.996,0.887
292,Wofford,D1,0.888,0.956,1.076,0.963
293,Arkansas Tech,D2,0.885,0.946,1.068,0.868
294,Southeast Mo. St.,D1,0.884,1.022,1.157,0.954
295,Texas Southern,D1,0.880,0.880,1.000,0.920
296,Shippensburg,D2,0.879,0.931,1.059,0.858
297,Gardner-Webb,D1,0.877,0.953,1.086,0.941
298,New Orleans,D1,0.877,0.970,1.106,0.977
299,Austin Peay,D1,0.875,0.966,1.104,0.961
300,Tufts,D3,0.874,0.830,0.950,0.795
301,Bradley,D1,0.874,0.920,1.053,0.982
302,Liberty,D1,0.872,0.953,1.093,0.967
303,Southern U.,D1,0.872,0.958,1.098,0.953
304,Winona St.,D2,0.872,0.909,1.043,0.872
305,Mercyhurst,D2,0.871,0.905,1.039,0.879
306,Youngstown St.,D1,0.871,0.995,1.142,0.981
307,McNeese,D1,0.871,0.978,1.123,0.949
308,UC San Diego,D2,0.870,0.958,1.101,0.886
309,Sacred Heart,D1,0.870,0.910,1.045,0.946
310,St. Mary's (TX),D2,0.870,0.905,1.040,0.870
311,Thomas More,D3,0.869,0.989,1.138,0.756
312,Boston U.,D1,0.869,0.906,1.042,0.980
313,Murray St.,D1,0.869,1.033,1.189,0.917
314,Fort Hays St.,D2,0.868,0.942,1.085,0.906
315,Indiana (PA),D2,0.866,0.916,1.057,0.866
316,Ga. Southern,D1,0.866,0.894,1.033,0.964
317,Tennessee St.,D1,0.865,0.927,1.072,0.977
318,Tennessee Tech,D1,0.864,0.925,1.070,0.966
319,Bellarmine,D2,0.864,1.034,1.196,0.897
320,Lincoln Memorial,D2,0.864,1.029,1.191,0.854
321,Harding,D2,0.863,0.937,1.086,0.881
322,Northern Mich.,D2,0.863,0.844,0.978,0.907
323,North Georgia,D2,0.863,0.894,1.036,0.867
324,Eastern Ky.,D1,0.862,0.947,1.099,0.959
325,Hawaii Pacific,D2,0.862,0.920,1.067,0.856
326,UNCW,D1,0.861,0.885,1.028,1.004
327,Carson-Newman,D2,0.861,1.032,1.198,0.869
328,Evansville,D1,0.861,0.916,1.064,0.969
329,Wayne St. (NE),D2,0.860,0.932,1.084,0.907
330,Ursuline,D2,0.859,1.003,1.168,0.872
331,Vermont,D1,0.859,0.842,0.980,0.977
332,N.C. A&T,D1,0.859,0.884,1.028,0.973
333,North Dakota St.,D1,0.856,0.987,1.153,1.015
334,Bentley,D2,0.856,0.954,1.114,0.866
335,Wingate,D2,0.854,0.915,1.072,0.856
336,St. Thomas (MN),D3,0.853,0.922,1.081,0.793
337,Queens (NY),D2,0.853,0.954,1.118,0.863
338,UMBC,D1,0.852,0.897,1.053,0.972
339,Tampa,D2,0.850,0.881,1.036,0.858
340,Fla. Southern,D2,0.850,0.918,1.080,0.879
341,Holy Cross,D1,0.849,0.874,1.030,0.980
342,Glenville St.,D2,0.848,1.173,1.382,0.832
343,Point Loma,D2,0.846,0.892,1.055,0.838
344,Grambling,D1,0.846,0.925,1.093,0.954
345,Eastern N.M.,D2,0.846,0.922,1.091,0.892
346,Howard,D1,0.843,0.961,1.140,0.942
347,Regis (CO),D2,0.843,0.883,1.048,0.879
348,Minnesota St.,D2,0.842,0.991,1.177,0.910
349,Georgia St.,D1,0.842,0.906,1.076,0.979
350,Northwood,D2,0.841,0.930,1.106,0.923
351,Lehigh,D1,0.841,0.955,1.135,0.965
352,Lubbock Christian,D2,0.840,0.845,1.006,0.891
353,UMKC,D1,0.838,0.900,1.074,0.986
354,Northern Ky.,D1,0.838,0.809,0.965,0.989
355,Davidson,D1,0.836,0.925,1.107,1.016
356,Bowdoin,D3,0.835,0.909,1.089,0.786
357,Eastern Ill.,D1,0.835,0.935,1.119,0.954
358,Concordia-St. Paul,D2,0.834,0.932,1.118,0.923
359,Charleston So.,D1,0.833,0.871,1.046,0.931
360,Wis.-Oshkosh,D3,0.832,0.795,0.956,0.794
361,Utah Valley,D1,0.832,0.888,1.067,0.977
362,Bryant,D1,0.830,0.891,1.074,0.936
363,Hillsdale,D2,0.830,0.919,1.107,0.912
364,Fla. Atlantic,D1,0.830,0.945,1.138,0.979
365,West Florida,D2,0.827,0.944,1.142,0.854
366,Clayton St.,D2,0.826,0.936,1.132,0.873
367,Manhattan,D1,0.826,0.858,1.040,0.979
368,Rhode Island,D1,0.825,0.911,1.104,1.005
369,Presbyterian,D1,0.823,0.838,1.019,0.969
370,A&M-Corpus Christi,D1,0.822,0.844,1.027,0.946
371,MSU Denver,D2,0.821,0.854,1.040,0.876
372,Washington-St. Louis,D3,0.820,0.962,1.172,0.827
373,Assumption,D2,0.820,0.848,1.035,0.866
374,Nicholls St.,D1,0.819,0.959,1.172,0.938
375,Central Conn. St.,D1,0.819,0.894,1.092,0.951
376,Trine,D3,0.816,0.841,1.030,0.767
377,Western Caro.,D1,0.815,0.856,1.050,0.983
378,Colorado Mesa,D2,0.815,0.955,1.171,0.862
379,Arkansas St.,D1,0.814,0.915,1.124,0.984
380,South Ala.,D1,0.813,0.790,0.972,0.987
381,Limestone,D2,0.811,0.891,1.099,0.838
382,Wheeling Jesuit,D2,0.811,0.886,1.093,0.854
383,Prairie View,D1,0.810,0.941,1.162,0.952
384,Truman,D2,0.810,0.982,1.213,0.884
385,UC-Colo. Springs,D2,0.808,0.927,1.148,0.867
386,Washburn,D2,0.807,0.846,1.049,0.897
387,Cameron,D2,0.805,1.067,1.326,0.893
388,Fort Lewis,D2,0.804,0.911,1.133,0.860
389,Tex. A&M-Commerce,D2,0.803,0.975,1.214,0.889
390,Southwestern Okla.,D2,0.802,1.072,1.336,0.887
391,Alabama St.,D1,0.801,0.862,1.076,0.973
392,Nova Southeastern,D2,0.800,0.883,1.104,0.884
393,Wheaton (IL),D3,0.800,0.893,1.116,0.806
394,Bloomfield,D2,0.799,0.865,1.083,0.834
395,Ark.-Fort Smith,D2,0.799,0.964,1.207,0.889
396,Caldwell,D2,0.797,0.974,1.222,0.848
397,Tarleton St.,D2,0.797,0.865,1.085,0.894
398,St. Thomas Aquinas,D2,0.796,0.853,1.072,0.852
399,Air Force,D1,0.796,0.838,1.053,1.002
400,North Florida,D1,0.796,0.901,1.133,0.972
401,Molloy,D2,0.795,0.856,1.078,0.878
402,Anderson (SC),D2,0.794,0.890,1.122,0.843
403,Newman,D2,0.793,0.916,1.155,0.876
404,Johnson C. Smith,D2,0.792,0.923,1.165,0.860
405,Wartburg,D3,0.791,0.907,1.147,0.789
406,Alas. Fairbanks,D2,0.791,0.943,1.193,0.905
407,Malone,D2,0.790,0.905,1.146,0.840
408,King (TN),D2,0.790,0.925,1.171,0.848
409,Walsh,D2,0.790,0.902,1.141,0.921
410,Ohio Northern,D3,0.790,0.883,1.119,0.800
411,Catawba,D2,0.789,0.954,1.210,0.858
412,Northwest Nazarene,D2,0.789,1.059,1.342,0.911
413,Fort Wayne,D1,0.789,0.857,1.087,0.991
414,Saint Peter's,D1,0.788,0.852,1.082,1.001
415,Rollins,D2,0.787,0.876,1.113,0.869
416,UC Irvine,D1,0.787,0.895,1.137,1.001
417,American Int'l,D2,0.786,0.891,1.133,0.871
418,St. Francis Brooklyn,D1,0.785,0.863,1.100,0.947
419,Colorado Mines,D2,0.783,0.942,1.202,0.885
420,Cal Poly Pomona,D2,0.783,0.833,1.064,0.881
421,Florida A&M,D1,0.783,0.832,1.063,0.947
422,FIU,D1,0.782,0.867,1.108,1.013
423,St. Edward's,D2,0.781,0.861,1.101,0.864
424,Southwest Baptist,D2,0.781,0.965,1.236,0.907
425,Mt. St. Mary's,D1,0.781,0.854,1.093,0.952
426,USC Upstate,D1,0.778,0.856,1.100,0.963
427,Bowie St.,D2,0.778,0.788,1.014,0.853
428,Southern Conn. St.,D2,0.778,0.898,1.156,0.873
429,Valparaiso,D1,0.777,0.917,1.180,0.995
430,Mo. Southern St.,D2,0.777,0.977,1.258,0.891
431,Scranton,D3,0.777,0.842,1.083,0.777
432,Minn. Duluth,D2,0.776,0.859,1.108,0.892
433,Ill. Wesleyan,D3,0.776,0.951,1.225,0.844
434,Illinois St.,D1,0.776,0.841,1.083,0.985
435,Coppin St.,D1,0.776,0.835,1.075,0.998
436,Savannah St.,D1,0.776,0.772,0.994,0.982
437,USciences,D2,0.774,0.778,1.005,0.843
438,Messiah,D3,0.773,0.843,1.091,0.769
439,S.C. Aiken,D2,0.773,0.907,1.173,0.879
440,Cal St. Fullerton,D1,0.772,0.834,1.080,0.979
441,St. Anselm,D2,0.772,0.861,1.116,0.868
442,Montana,D1,0.772,0.797,1.032,1.003
443,Incarnate Word,D1,0.771,0.904,1.173,0.953
444,Texas Woman's,D2,0.769,0.872,1.135,0.881
445,Ill.-Chicago,D1,0.769,0.881,1.146,0.990
446,East Stroudsburg,D2,0.769,0.929,1.208,0.843
447,UVa-Wise,D2,0.766,0.877,1.146,0.845
448,Chowan,D2,0.766,0.969,1.266,0.847
449,Fairmont St.,D2,0.766,0.905,1.182,0.853
450,Cal St. San B'dino,D2,0.766,0.853,1.115,0.874
451,Okla. Christian,D2,0.766,0.977,1.276,0.881
452,St. Joseph's (IN),D2,0.765,0.863,1.127,0.904
453,Chicago,D3,0.764,0.917,1.200,0.832
454,Lee,D2,0.763,0.909,1.191,0.855
455,DePauw,D3,0.762,0.818,1.074,0.786
456,Le Moyne,D2,0.762,0.855,1.122,0.874
457,Roberts Wesleyan,D2,0.761,1.016,1.336,0.861
458,Hope,D3,0.761,0.922,1.211,0.784
459,Chico St.,D2,0.759,0.830,1.094,0.851
460,South Dakota Mines,D2,0.759,0.839,1.105,0.868
461,Tex. A&M-Kingsville,D2,0.759,0.841,1.108,0.888
462,Southern Nazarene,D2,0.759,0.955,1.258,0.866
463,Rockhurst,D2,0.759,0.942,1.241,0.879
464,Embry-Riddle (FL),D2,0.758,0.797,1.051,0.881
465,Wayne St. (MI),D2,0.757,0.899,1.187,0.928
466,Alcorn,D1,0.756,0.866,1.145,0.962
467,Lafayette,D1,0.756,0.807,1.068,1.007
468,Findlay,D2,0.756,0.862,1.141,0.920
469,Georgia College,D2,0.755,0.798,1.057,0.845
470,Kennesaw St.,D1,0.755,0.852,1.129,0.979
471,Lenoir-Rhyne,D2,0.754,0.767,1.017,0.858
472,Cal St. East Bay,D2,0.754,0.846,1.122,0.858
473,Gust. Adolphus,D3,0.753,0.891,1.183,0.782
474,North Ala.,D2,0.752,0.921,1.224,0.846
475,Whitman,D3,0.751,0.848,1.130,0.780
476,Montclair St.,D3,0.750,0.792,1.057,0.779
477,Union (TN),D2,0.749,0.905,1.209,0.850
478,Claflin,D2,0.749,0.768,1.026,0.841
479,NYIT,D2,0.748,0.866,1.158,0.866
480,Sonoma St.,D2,0.747,0.867,1.161,0.855
481,Northwestern St.,D1,0.746,0.846,1.133,0.940
482,Mo.-St. Louis,D2,0.746,0.806,1.082,0.884
483,Neb.-Kearney,D2,0.745,0.830,1.114,0.917
484,UNC Pembroke,D2,0.745,0.865,1.161,0.869
485,Fairleigh Dickinson,D1,0.745,0.846,1.135,0.917
486,Newberry,D2,0.745,0.811,1.089,0.869
487,Lake Erie,D2,0.743,0.884,1.189,0.916
488,Rose-Hulman,D3,0.742,0.701,0.946,0.798
489,Elmhurst,D3,0.742,0.871,1.174,0.783
490,St. Cloud St.,D2,0.742,0.965,1.300,0.892
491,Azusa Pacific,D2,0.742,0.894,1.205,0.870
492,Central Wash.,D2,0.741,0.817,1.103,0.893
493,Black Hills St.,D2,0.740,0.810,1.094,0.887
494,Merrimack,D2,0.740,0.802,1.084,0.872
495,Stonehill,D2,0.739,0.806,1.092,0.876
496,Davis & Elkins,D2,0.736,0.954,1.297,0.832
497,Lindenwood (MO),D2,0.735,0.927,1.261,0.904
498,Bethel (MN),D3,0.735,0.864,1.176,0.783
499,Southeastern Okla.,D2,0.735,0.892,1.214,0.867
500,Barton,D2,0.735,0.924,1.256,0.840
501,Concordia Portland,D2,0.735,0.855,1.164,0.911
502,Mary,D2,0.735,0.853,1.160,0.919
503,Slippery Rock,D2,0.734,0.922,1.257,0.897
504,Chris. Newport,D3,0.733,0.871,1.188,0.759
505,Maryville (MO),D2,0.732,0.794,1.085,0.870
506,Wis.-Whitewater,D3,0.731,0.839,1.148,0.806
507,Bridgeport,D2,0.731,0.895,1.224,0.860
508,Ark.-Pine Bluff,D1,0.730,0.806,1.105,0.952
509,Chicago St.,D1,0.730,0.791,1.083,0.993
510,Babson,D3,0.730,0.910,1.247,0.786
511,Northwest Mo. St.,D2,0.729,0.899,1.234,0.912
512,William Jewell,D2,0.729,0.766,1.051,0.903
513,Augusta,D2,0.728,0.907,1.246,0.860
514,NJIT,D1,0.728,0.791,1.086,0.915
515,Colo. Christian,D2,0.727,0.887,1.220,0.884
516,South Carolina St.,D1,0.726,0.818,1.127,0.938
517,Stanislaus St.,D2,0.726,0.832,1.146,0.882
518,Mississippi Val.,D1,0.726,0.849,1.171,0.967
519,Texas-Dallas,D3,0.725,0.810,1.117,0.790
520,Cal St. L.A.,D2,0.724,0.856,1.183,0.886
521,Rochester (NY),D3,0.724,0.876,1.211,0.810
522,Francis Marion,D2,0.723,0.848,1.173,0.863
523,Clarion,D2,0.723,0.883,1.222,0.872
524,Livingstone,D2,0.722,0.946,1.311,0.841
525,Mary Washington,D3,0.721,0.791,1.097,0.778
526,Henderson St.,D2,0.720,0.952,1.322,0.869
527,Ill.-Springfield,D2,0.720,0.869,1.208,0.867
528,Valdosta St.,D2,0.720,0.920,1.278,0.864
529,Florida Tech,D2,0.718,0.842,1.173,0.877
530,Mount Olive,D2,0.717,0.957,1.334,0.835
531,UMass Lowell,D1,0.717,0.848,1.183,0.962
532,Western Ore.,D2,0.716,0.876,1.224,0.904
533,Seton Hill,D2,0.716,0.910,1.271,0.859
534,Minn.-Crookston,D2,0.716,0.926,1.293,0.906
535,Carnegie Mellon,D3,0.715,0.899,1.257,0.812
536,P.R.-Bayamon,D2,0.714,0.806,1.128,0.884
537,Morgan St.,D1,0.714,0.743,1.040,0.945
538,Armstrong St.,D2,0.712,0.897,1.260,0.885
539,Wis.-Stevens Point,D3,0.712,0.794,1.115,0.831
540,Elizabethtown,D3,0.711,0.764,1.074,0.788
541,Catholic,D3,0.711,0.857,1.206,0.778
542,Smith,D3,0.711,0.774,1.088,0.762
543,Jackson St.,D1,0.711,0.898,1.262,0.897
544,Ky. Wesleyan,D2,0.711,0.900,1.265,0.854
545,Benedict,D2,0.711,0.901,1.267,0.828
546,Ouachita Baptist,D2,0.709,0.893,1.261,0.873
547,Wis.-Parkside,D2,0.709,0.884,1.247,0.917
548,LIU Brooklyn,D1,0.709,0.801,1.130,0.950
549,Baldwin Wallace,D3,0.709,0.794,1.120,0.794
550,Philadelphia U.,D2,0.708,0.775,1.095,0.842
551,Pace,D2,0.707,0.825,1.166,0.872
552,Notre Dame (OH),D2,0.707,0.852,1.205,0.885
553,George Fox,D3,0.705,0.908,1.287,0.793
554,FDU-Florham,D3,0.705,0.878,1.245,0.780
555,Southern N.H.,D2,0.704,0.843,1.197,0.868
556,Husson,D3,0.703,0.874,1.244,0.728
557,West Virginia St.,D2,0.702,1.086,1.548,0.849
558,Christian Bros.,D2,0.702,0.801,1.140,0.862
559,Southeastern La.,D1,0.702,0.918,1.308,0.971
560,Lipscomb,D1,0.701,0.837,1.194,0.988
561,Young Harris,D2,0.700,0.790,1.128,0.871
562,Saint Michael's,D2,0.700,0.794,1.134,0.877
563,Puget Sound,D3,0.700,0.947,1.353,0.803
564,Central St. (OH),D2,0.699,0.840,1.202,0.784
565,Virginia St.,D2,0.698,0.774,1.109,0.823
566,Northeastern St.,D2,0.696,0.815,1.172,0.895
567,Dominican (CA),D2,0.696,0.948,1.362,0.858
568,SUNY Geneseo,D3,0.696,0.739,1.061,0.743
569,Tex. Permian Basin,D2,0.696,0.861,1.236,0.891
570,Goldey-Beacom,D2,0.695,0.822,1.183,0.844
571,Cal St. San Marcos,D2,0.695,0.828,1.191,0.875
572,Carthage,D3,0.694,0.840,1.210,0.830
573,New Haven,D2,0.694,0.766,1.103,0.874
574,Millersville,D2,0.694,0.782,1.127,0.877
575,West Ga.,D2,0.693,0.770,1.111,0.871
576,Lake Superior St.,D2,0.693,0.862,1.244,0.911
577,Mississippi Col.,D2,0.693,0.934,1.348,0.851
578,Bemidji St.,D2,0.691,0.885,1.281,0.878
579,Loyola Chicago,D1,0.691,0.754,1.090,1.011
580,Trinity (TX),D3,0.688,0.855,1.244,0.762
581,Ithaca,D3,0.688,0.847,1.230,0.765
582,Lynn,D2,0.688,0.829,1.205,0.853
583,Academy of Art,D2,0.687,0.897,1.304,0.861
584,La.-Monroe,D1,0.687,0.827,1.204,0.961
585,Cal St. Dom. Hills,D2,0.687,0.888,1.293,0.882
586,McKendree,D2,0.687,0.751,1.094,0.879
587,Delaware St.,D1,0.686,0.868,1.265,0.948
588,Framingham St.,D3,0.686,0.867,1.263,0.732
589,Daemen,D2,0.685,0.858,1.253,0.851
590,Saint Rose,D2,0.683,0.795,1.163,0.873
591,Tiffin,D2,0.683,0.882,1.292,0.911
592,Augustana (IL),D3,0.682,0.976,1.431,0.809
593,Cedarville,D2,0.682,0.805,1.181,0.864
594,Emmanuel (GA),D2,0.681,0.819,1.202,0.853
595,Missouri S&T,D2,0.680,0.841,1.237,0.888
596,Ark.-Monticello,D2,0.680,0.824,1.212,0.864
597,Emory,D3,0.680,0.874,1.285,0.757
598,Mont. St. Billings,D2,0.679,0.827,1.217,0.918
599,Wilmington (OH),D3,0.679,0.801,1.180,0.810
600,Delta St.,D2,0.679,0.724,1.067,0.851
601,WPI,D3,0.676,0.706,1.045,0.737
602,Spring Hill,D2,0.676,0.771,1.140,0.829
603,Saint Martin's,D2,0.676,0.819,1.211,0.894
604,Ferris St.,D2,0.675,0.842,1.247,0.925
605,Albright,D3,0.675,0.831,1.230,0.786
606,Upper Iowa,D2,0.675,0.824,1.220,0.908
607,Houston Baptist,D1,0.674,0.821,1.218,0.983
608,Calvin,D3,0.673,0.754,1.121,0.752
609,Midwestern St.,D2,0.673,0.834,1.238,0.883
610,Charleston (WV),D2,0.673,0.782,1.162,0.856
611,MIT,D3,0.673,0.790,1.174,0.757
612,West Chester,D2,0.672,0.931,1.385,0.862
613,Ga. Southwestern,D2,0.671,0.823,1.226,0.857
614,Connecticut Col.,D3,0.670,0.848,1.265,0.782
615,Westminster (UT),D2,0.669,0.807,1.206,0.875
616,Cal St. Monterey Bay,D2,0.669,0.802,1.198,0.859
617,Brandeis,D3,0.669,0.728,1.088,0.808
618,Lincoln (MO),D2,0.669,0.872,1.304,0.913
619,Chestnut Hill,D2,0.667,0.977,1.465,0.839
620,East Central,D2,0.667,0.748,1.121,0.880
621,Albion,D3,0.667,0.852,1.277,0.744
622,St. Norbert,D3,0.667,0.734,1.100,0.747
623,Shorter,D2,0.666,0.790,1.186,0.863
624,West Liberty,D2,0.666,0.872,1.308,0.869
625,Kenyon,D3,0.666,0.723,1.086,0.757
626,Kutztown,D2,0.664,0.868,1.307,0.866
627,DeSales,D3,0.664,0.805,1.212,0.777
628,LIU Post,D2,0.664,0.853,1.285,0.872
629,West Ala.,D2,0.663,0.788,1.189,0.849
630,Palm Beach Atl.,D2,0.662,0.866,1.308,0.870
631,Transylvania,D3,0.661,0.811,1.228,0.760
632,Marymount (VA),D3,0.659,0.718,1.089,0.774
633,Loras,D3,0.658,0.833,1.266,0.820
634,Shepherd,D2,0.658,0.834,1.267,0.854
635,Concordia (CA),D2,0.658,0.926,1.406,0.859
636,Stockton,D3,0.657,0.809,1.232,0.785
637,Lynchburg,D3,0.657,0.805,1.226,0.761
638,Minot St.,D2,0.657,0.818,1.244,0.914
639,Bluffton,D3,0.656,0.776,1.182,0.761
640,Wilmington (DE),D2,0.655,0.917,1.400,0.851
641,Middlebury,D3,0.655,0.735,1.121,0.782
642,York (PA),D3,0.653,0.805,1.232,0.756
643,Southwest Minn. St.,D2,0.653,0.853,1.306,0.915
644,Rowan,D3,0.653,0.909,1.392,0.787
645,Fayetteville St.,D2,0.652,0.781,1.197,0.849
646,Lincoln (PA),D2,0.652,0.773,1.187,0.845
647,Claremont-M-S,D3,0.652,0.674,1.033,0.769
648,Guilford,D3,0.651,0.804,1.235,0.740
649,NYU,D3,0.649,0.776,1.196,0.808
650,North Greenville,D2,0.648,0.849,1.310,0.845
651,Bloomsburg,D2,0.647,0.731,1.130,0.854
652,North Central (IL),D3,0.647,1.092,1.688,0.822
653,Stevenson,D3,0.647,0.772,1.193,0.801
654,Longwood,D1,0.646,0.811,1.256,0.968
655,Belmont Abbey,D2,0.645,0.878,1.360,0.839
656,N.C. Central,D1,0.645,0.712,1.104,0.954
657,Westfield St.,D3,0.644,1.053,1.636,0.773
658,CWRU,D3,0.644,0.957,1.485,0.823
659,Springfield,D3,0.643,0.823,1.279,0.765
660,Barry,D2,0.643,0.779,1.212,0.886
661,Winston-Salem,D2,0.643,0.734,1.142,0.836
662,Mary Hardin-Baylor,D3,0.642,0.844,1.314,0.774
663,Franklin Pierce,D2,0.642,0.780,1.214,0.885
664,UMass Dartmouth,D3,0.642,0.823,1.281,0.769
665,Stevens,D3,0.640,0.764,1.194,0.791
666,Kentucky St.,D2,0.640,0.817,1.278,0.813
667,Tuskegee,D2,0.639,0.802,1.254,0.838
668,Chadron St.,D2,0.639,0.861,1.348,0.875
669,Holy Family,D2,0.639,0.796,1.246,0.842
670,Erskine,D2,0.638,0.909,1.425,0.843
671,Saint Leo,D2,0.638,0.856,1.343,0.884
672,Okla. Baptist,D2,0.637,0.856,1.344,0.876
673,Cornell College,D3,0.637,0.750,1.177,0.757
674,Wagner,D1,0.637,0.740,1.161,0.943
675,Muhlenberg,D3,0.636,0.794,1.249,0.755
676,Flagler,D2,0.635,0.834,1.314,0.883
677,Lewis & Clark,D3,0.635,0.804,1.265,0.792
678,Luther,D3,0.635,0.886,1.395,0.811
679,Sam Houston St.,D1,0.634,0.748,1.181,0.963
680,Texas-Tyler,D3,0.634,0.866,1.367,0.781
681,Southern Ark.,D2,0.633,0.773,1.222,0.867
682,BYU-Hawaii,D2,0.632,0.753,1.192,0.860
683,Winthrop,D1,0.631,0.765,1.211,0.998
684,Dominican (NY),D2,0.631,0.750,1.189,0.853
685,Northwestern Okla.,D2,0.631,0.861,1.363,0.884
686,Wis.-La Crosse,D3,0.631,0.731,1.158,0.815
687,Misericordia,D3,0.630,0.778,1.234,0.778
688,West Va. Wesleyan,D2,0.630,0.802,1.273,0.869
689,Maryville (TN),D3,0.629,0.755,1.201,0.724
690,Cal Lutheran,D3,0.629,0.828,1.315,0.749
691,Williams,D3,0.629,0.750,1.192,0.824
692,Buena Vista,D3,0.628,0.821,1.308,0.809
693,Oakland City,D2,0.626,1.009,1.611,0.853
694,Moravian,D3,0.626,0.903,1.444,0.787
695,Pitt.-Johnstown,D2,0.625,0.816,1.305,0.861
696,RIT,D3,0.624,0.824,1.320,0.743
697,Montevallo,D2,0.624,0.838,1.342,0.863
698,Notre Dame de Namur,D2,0.623,0.844,1.354,0.850
699,Salisbury,D3,0.623,0.741,1.188,0.797
700,Ala.-Huntsville,D2,0.623,0.791,1.270,0.861
701,Howard Payne,D3,0.622,0.821,1.321,0.804
702,Gettysburg,D3,0.622,0.838,1.347,0.754
703,Rutgers-Camden,D3,0.620,0.811,1.308,0.764
704,North Park,D3,0.620,0.801,1.293,0.769
705,Emory & Henry,D3,0.620,0.802,1.292,0.761
706,Roger Williams,D3,0.619,0.699,1.131,0.742
707,SUNY New Paltz,D3,0.619,0.773,1.249,0.774
708,U New England,D3,0.619,0.782,1.263,0.743
709,Paine,D2,0.618,0.865,1.401,0.846
710,Gannon,D2,0.617,0.765,1.240,0.877
711,Old Westbury,D3,0.617,0.781,1.267,0.695
712,Wis.-Superior,D3,0.617,0.801,1.297,0.732
713,Humboldt St.,D2,0.616,0.741,1.203,0.872
714,Rogers St.,D2,0.616,0.740,1.201,0.853
715,Neb. Wesleyan,D3,0.616,0.803,1.303,0.798
716,Brooklyn,D3,0.615,0.731,1.188,0.710
717,Holy Names,D2,0.615,0.759,1.234,0.856
718,St. Catherine,D3,0.614,0.820,1.337,0.771
719,Alderson Broaddus,D2,0.612,0.822,1.344,0.857
720,Quincy,D2,0.611,0.753,1.234,0.914
721,Eastern Conn. St.,D3,0.611,0.772,1.264,0.777
722,William Smith,D3,0.610,0.818,1.340,0.756
723,Lane,D2,0.609,0.760,1.248,0.835
724,Emmanuel (MA),D3,0.608,0.790,1.299,0.745
725,P.R.-Mayaguez,D2,0.608,0.775,1.275,0.888
726,Tusculum,D2,0.608,0.750,1.233,0.861
727,Keene St.,D3,0.608,0.747,1.229,0.780
728,Millikin,D3,0.608,0.864,1.420,0.793
729,Vassar,D3,0.607,0.799,1.316,0.777
730,Wis.-Eau Claire,D3,0.606,0.750,1.237,0.805
731,Haverford,D3,0.606,0.673,1.111,0.753
732,Mount Union,D3,0.606,0.785,1.295,0.808
733,Shaw,D2,0.605,0.832,1.375,0.842
734,Western St.,D2,0.605,0.678,1.122,0.877
735,Denison,D3,0.605,0.639,1.055,0.803
736,Coe,D3,0.604,0.838,1.387,0.806
737,Ripon,D3,0.604,0.771,1.277,0.766
738,Skidmore,D3,0.603,0.733,1.215,0.782
739,Saint Vincent,D3,0.602,0.758,1.259,0.771
740,Alabama A&M,D1,0.601,0.689,1.147,0.946
741,Western New Eng.,D3,0.601,0.770,1.282,0.731
742,Texas Lutheran,D3,0.599,0.789,1.317,0.762
743,Clark Atlanta,D2,0.598,0.870,1.454,0.822
744,Simpson,D3,0.598,0.784,1.311,0.824
745,Marietta,D3,0.598,0.802,1.341,0.793
746,Saint Benedict,D3,0.597,0.674,1.129,0.793
747,Queens (NC),D2,0.597,0.695,1.165,0.869
748,San Fran. St.,D2,0.596,0.717,1.204,0.865
749,Dickinson,D3,0.596,0.724,1.214,0.765
750,Concordia Wisconsin,D3,0.595,0.716,1.202,0.726
751,Wis. Lutheran,D3,0.595,0.751,1.261,0.715
752,TCNJ,D3,0.595,0.718,1.207,0.791
753,Kean,D3,0.594,0.824,1.386,0.778
754,Concord,D2,0.594,0.863,1.454,0.844
755,Pfeiffer,D2,0.593,0.741,1.249,0.838
756,Hawaii Hilo,D2,0.593,0.705,1.189,0.863
757,Trevecca Nazarene,D2,0.592,0.726,1.226,0.865
758,Mt. St. Mary (NY),D3,0.592,0.661,1.116,0.706
759,Western Conn. St.,D3,0.592,0.739,1.249,0.753
760,Wm. Paterson,D3,0.592,0.809,1.367,0.786
761,Coker,D2,0.591,0.745,1.261,0.859
762,Chapman,D3,0.591,0.793,1.343,0.786
763,Defiance,D3,0.591,0.776,1.312,0.765
764,Eastern,D3,0.591,0.751,1.271,0.773
765,St. Joseph's (ME),D3,0.591,0.736,1.247,0.719
766,Fort Valley St.,D2,0.590,0.769,1.305,0.845
767,Urbana,D2,0.590,0.856,1.449,0.862
768,Austin,D3,0.590,0.785,1.329,0.772
769,Capital,D3,0.590,0.709,1.203,0.805
770,Willamette,D3,0.590,0.723,1.227,0.794
771,East. Mennonite,D3,0.590,0.753,1.275,0.732
772,Miles,D2,0.589,0.833,1.415,0.825
773,Wash. & Jeff.,D3,0.588,0.820,1.395,0.765
774,Concordia (TX),D3,0.588,0.757,1.288,0.772
775,Hartwick,D3,0.588,0.754,1.282,0.754
776,Randolph-Macon,D3,0.587,0.810,1.380,0.776
777,Muskingum,D3,0.585,0.832,1.422,0.798
778,Lock Haven,D2,0.584,0.728,1.246,0.850
779,Eureka,D3,0.581,0.793,1.364,0.748
780,Augsburg,D3,0.581,0.857,1.475,0.780
781,Felician,D2,0.581,0.765,1.317,0.834
782,Lycoming,D3,0.581,0.783,1.346,0.770
783,Fresno Pacific,D2,0.580,0.764,1.316,0.876
784,Chaminade,D2,0.579,0.807,1.395,0.857
785,Fredonia,D3,0.578,0.815,1.409,0.735
786,Johns Hopkins,D3,0.578,0.798,1.380,0.759
787,Dist. Columbia,D2,0.576,0.731,1.269,0.880
788,Concordia (NY),D2,0.576,0.739,1.283,0.843
789,Western N.M.,D2,0.575,0.769,1.338,0.891
790,Castleton,D3,0.574,0.630,1.099,0.722
791,Wis.-Stout,D3,0.574,0.826,1.440,0.804
792,Trinity (CT),D3,0.574,0.745,1.297,0.770
793,Dixie St.,D2,0.574,0.755,1.315,0.870
794,Otterbein,D3,0.572,0.766,1.340,0.786
795,Colby,D3,0.572,0.689,1.205,0.799
796,Staten Island,D3,0.571,0.810,1.419,0.696
797,Webster,D3,0.570,0.813,1.426,0.733
798,Heidelberg,D3,0.570,0.783,1.375,0.820
799,Dubuque,D3,0.569,0.772,1.357,0.802
800,Ferrum,D3,0.569,0.729,1.281,0.745
801,Wis.-Platteville,D3,0.569,0.823,1.448,0.806
802,Southern Wesleyan,D2,0.569,0.771,1.355,0.848
803,Wesleyan (CT),D3,0.569,0.732,1.286,0.819
804,Susquehanna,D3,0.569,0.718,1.262,0.758
805,La Roche,D3,0.568,0.747,1.315,0.728
806,Lebanon Valley,D3,0.568,0.736,1.297,0.773
807,Central (IA),D3,0.567,0.706,1.245,0.778
808,Berea,D3,0.567,0.788,1.390,0.761
809,Piedmont,D3,0.567,0.751,1.324,0.718
810,Saint Mary's (MN),D3,0.566,0.720,1.271,0.777
811,Franklin,D3,0.566,0.712,1.258,0.785
812,John Carroll,D3,0.566,0.797,1.409,0.822
813,Wis.-River Falls,D3,0.565,0.736,1.302,0.815
814,Clarkson,D3,0.565,0.712,1.260,0.755
815,Johnson & Wales (RI),D3,0.564,0.673,1.194,0.754
816,Albany St. (GA),D2,0.563,0.714,1.268,0.856
817,Lees-McRae,D2,0.563,0.781,1.388,0.835
818,UMass Boston,D3,0.561,0.793,1.413,0.789
819,Georgian Court,D2,0.561,0.731,1.305,0.841
820,Sage Colleges,D3,0.561,0.717,1.276,0.726
821,Suffolk,D3,0.560,0.730,1.303,0.721
822,SUNY Poly,D3,0.559,0.808,1.444,0.696
823,LeMoyne-Owen,D2,0.559,0.727,1.301,0.827
824,Lakeland,D3,0.559,0.697,1.247,0.712
825,UC Santa Cruz,D3,0.559,0.747,1.336,0.774
826,Regis (MA),D3,0.558,0.721,1.292,0.689
827,Waynesburg,D3,0.557,0.769,1.379,0.768
828,Greenville,D3,0.556,0.768,1.382,0.749
829,Mercy,D2,0.554,0.765,1.380,0.859
830,Oberlin,D3,0.554,0.647,1.169,0.785
831,Mansfield,D2,0.554,0.688,1.241,0.849
832,Occidental,D3,0.554,0.715,1.291,0.760
833,Whitworth,D3,0.553,0.765,1.382,0.789
834,Louisiana Col.,D3,0.553,0.839,1.519,0.813
835,Frostburg St.,D3,0.552,0.780,1.413,0.760
836,Farmingdale St.,D3,0.552,0.716,1.297,0.726
837,Lehman,D3,0.552,0.806,1.460,0.728
838,Redlands,D3,0.551,0.712,1.292,0.773
839,SUNY Oneonta,D3,0.551,0.679,1.232,0.772
840,Colby-Sawyer,D3,0.551,0.733,1.330,0.719
841,Ohio Wesleyan,D3,0.551,0.787,1.427,0.790
842,AUM,D2,0.550,0.746,1.357,0.876
843,Union (NY),D3,0.550,0.640,1.165,0.737
844,Hendrix,D3,0.550,0.696,1.266,0.760
845,Cheyney,D2,0.549,0.708,1.289,0.870
846,SUNY Cortland,D3,0.548,0.723,1.320,0.772
847,Adams St.,D2,0.547,0.697,1.275,0.884
848,Converse,D2,0.547,0.738,1.350,0.852
849,Minn.-Morris,D3,0.547,0.764,1.395,0.713
850,Sul Ross St.,D3,0.546,0.719,1.317,0.809
851,Hiram,D3,0.546,0.730,1.335,0.737
852,New England Col.,D3,0.545,0.719,1.319,0.686
853,Birmingham-So.,D3,0.545,0.650,1.193,0.752
854,Alma,D3,0.544,0.746,1.371,0.771
855,Clark (MA),D3,0.544,0.736,1.352,0.737
856,Bates,D3,0.544,0.716,1.315,0.801
857,Mars Hill,D2,0.544,0.736,1.353,0.879
858,LeTourneau,D3,0.544,0.808,1.485,0.794
859,Millsaps,D3,0.544,0.712,1.311,0.732
860,Mt. St. Vincent,D3,0.543,0.779,1.435,0.714
861,Belhaven,D3,0.543,0.761,1.402,0.768
862,Adrian,D3,0.542,0.761,1.404,0.741
863,Concordia-M'head,D3,0.542,0.687,1.269,0.798
864,N.M. Highlands,D2,0.541,0.729,1.347,0.888
865,Southwestern (TX),D3,0.540,0.750,1.388,0.785
866,St. John Fisher,D3,0.540,0.700,1.296,0.772
867,Hanover,D3,0.540,0.837,1.549,0.791
868,Hardin-Simmons,D3,0.540,0.736,1.362,0.784
869,Juniata,D3,0.540,0.788,1.461,0.789
870,Va. Wesleyan,D3,0.539,0.766,1.421,0.767
871,Oglethorpe,D3,0.537,0.735,1.367,0.728
872,Bridgewater St.,D3,0.537,0.658,1.227,0.788
873,McDaniel,D3,0.537,0.613,1.141,0.763
874,Wash. & Lee,D3,0.537,0.756,1.407,0.767
875,Rutgers-Newark,D3,0.536,0.717,1.338,0.786
876,Ozarks (AR),D3,0.535,0.762,1.424,0.779
877,Brevard,D2,0.535,0.730,1.366,0.863
878,Wittenberg,D3,0.534,0.681,1.276,0.792
879,Pacific (OR),D3,0.530,0.733,1.383,0.800
880,Drew,D3,0.530,0.678,1.279,0.781
881,Illinois Col.,D3,0.530,0.744,1.402,0.738
882,Ohio Valley,D2,0.529,0.718,1.357,0.847
883,McMurry,D3,0.529,0.719,1.361,0.787
884,Grove City,D3,0.527,0.703,1.334,0.757
885,Bridgewater (VA),D3,0.527,0.771,1.463,0.736
886,Ursinus,D3,0.527,0.637,1.208,0.757
887,Nyack,D2,0.526,0.748,1.421,0.837
888,Maine Maritime,D3,0.526,0.698,1.327,0.720
889,Manhattanville,D3,0.526,0.650,1.236,0.754
890,Benedictine (IL),D3,0.526,0.711,1.353,0.713
891,Coast Guard,D3,0.525,0.708,1.349,0.801
892,Hamilton,D3,0.522,0.661,1.266,0.755
893,Linfield,D3,0.522,0.742,1.420,0.790
894,Knox,D3,0.521,0.751,1.442,0.734
895,Gwynedd Mercy,D3,0.520,0.701,1.349,0.712
896,Morrisville St.,D3,0.520,0.726,1.396,0.698
897,Roanoke,D3,0.520,0.781,1.503,0.734
898,Emerson,D3,0.520,0.726,1.397,0.774
899,Marywood,D3,0.517,0.691,1.337,0.707
900,Post,D2,0.516,0.728,1.412,0.868
901,Okla. Panhandle,D2,0.516,0.716,1.387,0.879
902,Neumann,D3,0.516,0.728,1.410,0.724
903,Fontbonne,D3,0.515,0.679,1.317,0.724
904,Iowa Wesleyan,D3,0.515,0.647,1.256,0.748
905,Spalding,D3,0.514,0.716,1.393,0.729
906,St. Lawrence,D3,0.513,0.687,1.340,0.754
907,Bethany (WV),D3,0.512,0.749,1.461,0.763
908,Macalester,D3,0.512,0.734,1.434,0.780
909,Ramapo,D3,0.511,0.620,1.211,0.763
910,Tex. A&M Int'l,D2,0.510,0.642,1.259,0.887
911,Nazareth,D3,0.509,0.703,1.381,0.750
912,Elizabeth City St.,D2,0.509,0.566,1.110,0.834
913,William Peace,D3,0.508,0.744,1.463,0.707
914,St. Olaf,D3,0.507,0.679,1.338,0.786
915,Pitt.-Bradford,D3,0.506,0.758,1.498,0.701
916,Endicott,D3,0.505,0.680,1.345,0.753
917,Concordia Chicago,D3,0.504,0.796,1.580,0.705
918,Schreiner,D3,0.504,0.688,1.365,0.779
919,Delaware Valley,D3,0.504,0.675,1.340,0.754
920,Frank. & Marsh.,D3,0.499,0.681,1.363,0.755
921,Westminster (MO),D3,0.499,0.707,1.418,0.760
922,Rensselaer,D3,0.497,0.689,1.386,0.753
923,East Tex. Baptist,D3,0.496,0.746,1.503,0.778
924,Norwich,D3,0.496,0.633,1.276,0.724
925,Northwestern-St.Paul,D3,0.495,0.664,1.340,0.727
926,Albertus Magnus,D3,0.494,0.785,1.588,0.721
927,Widener,D3,0.493,0.759,1.541,0.771
928,Baruch,D3,0.492,0.712,1.447,0.730
929,Centenary (NJ),D3,0.491,0.623,1.269,0.678
930,Saint Augustine's,D2,0.489,0.663,1.357,0.858
931,Averett,D3,0.489,0.760,1.555,0.720
932,Grinnell,D3,0.488,0.613,1.257,0.733
933,Worcester St.,D3,0.487,0.632,1.296,0.767
934,Randolph,D3,0.487,0.682,1.400,0.734
935,Plattsburgh St.,D3,0.486,0.673,1.386,0.745
936,Sewanee,D3,0.486,0.746,1.537,0.745
937,Greensboro,D3,0.485,0.624,1.286,0.745
938,MCLA,D3,0.485,0.628,1.295,0.739
939,Oswego St.,D3,0.485,0.641,1.323,0.748
940,Hamline,D3,0.483,0.708,1.465,0.778
941,Arcadia,D3,0.482,0.729,1.513,0.773
942,MSOE,D3,0.482,0.618,1.282,0.711
943,Westminster (PA),D3,0.481,0.698,1.450,0.723
944,Medaille,D3,0.481,0.742,1.544,0.715
945,Eastern Nazarene,D3,0.481,0.669,1.390,0.697
946,Cabrini,D3,0.480,0.657,1.368,0.710
947,Houghton,D3,0.480,0.653,1.358,0.718
948,King's (PA),D3,0.480,0.643,1.340,0.778
949,Brockport,D3,0.480,0.681,1.417,0.755
950,Penn St.-Behrend,D3,0.480,0.689,1.437,0.725
951,LaGrange,D3,0.479,0.652,1.360,0.728
952,Wesley,D3,0.478,0.715,1.494,0.766
953,Bethany Lutheran,D3,0.478,0.720,1.508,0.729
954,Washington Col.,D3,0.478,0.666,1.392,0.748
955,Mount Aloysius,D3,0.477,0.747,1.566,0.730
956,Dallas,D3,0.477,0.663,1.389,0.750
957,Lancaster Bible,D3,0.475,0.741,1.560,0.689
958,Huntingdon,D3,0.473,0.660,1.397,0.722
959,Wheaton (MA),D3,0.473,0.640,1.354,0.756
960,Salve Regina,D3,0.473,0.626,1.322,0.756
961,Centenary (LA),D3,0.470,0.718,1.529,0.763
962,Wellesley,D3,0.470,0.589,1.252,0.756
963,Merchant Marine,D3,0.469,0.595,1.268,0.685
964,Anderson (IN),D3,0.469,0.639,1.362,0.761
965,Carleton,D3,0.469,0.678,1.444,0.789
966,Chatham,D3,0.467,0.710,1.522,0.749
967,Utica,D3,0.464,0.655,1.410,0.757
968,Hunter,D3,0.463,0.664,1.435,0.699
969,Manchester,D3,0.463,0.618,1.334,0.758
970,Whittier,D3,0.463,0.654,1.412,0.774
971,Covenant,D3,0.461,0.688,1.492,0.720
972,Plymouth St.,D3,0.461,0.624,1.353,0.724
973,Martin Luther,D3,0.460,0.660,1.434,0.732
974,Simmons,D3,0.458,0.656,1.432,0.725
975,Hilbert,D3,0.457,0.684,1.494,0.713
976,Lake Forest,D3,0.457,0.617,1.348,0.733
977,Alverno,D3,0.457,0.633,1.384,0.734
978,Northland,D3,0.457,0.713,1.561,0.742
979,Berry,D3,0.456,0.635,1.393,0.721
980,St. Elizabeth,D3,0.455,0.643,1.413,0.675
981,Wooster,D3,0.455,0.702,1.544,0.795
982,St. Mary's (MD),D3,0.454,0.621,1.368,0.779
983,Pacific Lutheran,D3,0.453,0.640,1.411,0.811
984,Beloit,D3,0.453,0.607,1.339,0.746
985,Keuka,D3,0.452,0.613,1.357,0.689
986,Earlham,D3,0.452,0.675,1.492,0.786
987,N.C. Wesleyan,D3,0.452,0.662,1.462,0.740
988,Elmira,D3,0.451,0.653,1.450,0.740
989,Salem St.,D3,0.450,0.694,1.541,0.736
990,St. Scholastica,D3,0.450,0.652,1.447,0.731
991,Southern Va.,D3,0.448,0.775,1.731,0.755
992,Southern Me.,D3,0.447,0.650,1.453,0.777
993,Hood,D3,0.447,0.673,1.506,0.758
994,Bryn Athyn,D3,0.445,0.653,1.465,0.654
995,Rhodes,D3,0.443,0.606,1.368,0.765
996,Fitchburg St.,D3,0.442,0.704,1.594,0.717
997,Salem Int'l,D2,0.441,0.604,1.369,0.829
998,Penn St. Harrisburg,D3,0.437,0.616,1.411,0.779
999,Goucher,D3,0.436,0.652,1.495,0.775
1000,Buffalo St.,D3,0.435,0.624,1.436,0.748
1001,Curry,D3,0.434,0.584,1.347,0.743
1002,Valley Forge,D3,0.434,0.672,1.548,0.619
1003,Allegheny,D3,0.434,0.709,1.632,0.785
1004,Pitt.-Greensburg,D3,0.430,0.699,1.626,0.717
1005,Alfred St.,D3,0.430,0.624,1.451,0.708
1006,Johnson St.,D3,0.429,0.648,1.513,0.695
1007,Carroll (WI),D3,0.429,0.678,1.579,0.830
1008,Kalamazoo,D3,0.427,0.697,1.634,0.765
1009,CCNY,D3,0.427,0.676,1.583,0.699
1010,Shenandoah,D3,0.426,0.619,1.453,0.767
1011,Rockford,D3,0.425,0.732,1.725,0.718
1012,Centre,D3,0.423,0.550,1.298,0.765
1013,Rhode Island Col.,D3,0.422,0.577,1.368,0.783
1014,Rust,D3,0.419,0.672,1.603,0.757
1015,Wells,D3,0.419,0.611,1.460,0.706
1016,Wilkes,D3,0.418,0.661,1.581,0.752
1017,Thiel,D3,0.417,0.633,1.519,0.745
1018,New Jersey City,D3,0.415,0.633,1.525,0.768
1019,Methodist,D3,0.415,0.640,1.543,0.721
1020,Caltech,D3,0.415,0.586,1.411,0.738
1021,Lyndon St.,D3,0.414,0.655,1.584,0.692
1022,Immaculata,D3,0.413,0.610,1.478,0.711
1023,Wheelock,D3,0.413,0.610,1.478,0.642
1024,La Verne,D3,0.412,0.655,1.589,0.754
1025,Gordon,D3,0.412,0.672,1.631,0.730
1026,Swarthmore,D3,0.410,0.637,1.555,0.754
1027,Colorado Col.,D3,0.408,0.605,1.481,0.768
1028,Geneva,D3,0.408,0.692,1.694,0.748
1029,Pomona-Pitzer,D3,0.407,0.651,1.599,0.766
1030,Nichols,D3,0.406,0.654,1.611,0.731
1031,Alvernia,D3,0.406,0.615,1.516,0.769
1032,Cobleskill St.,D3,0.405,0.611,1.510,0.669
1033,St. Joseph's (Brkln),D3,0.405,0.699,1.727,0.719
1034,Rivier,D3,0.404,0.697,1.726,0.715
1035,Olivet,D3,0.404,0.616,1.522,0.806
1036,Anna Maria,D3,0.403,0.663,1.646,0.727
1037,Finlandia,D3,0.402,0.684,1.699,0.733
1038,SUNY Potsdam,D3,0.402,0.598,1.489,0.755
1039,St. Joseph (CT),D3,0.401,0.629,1.571,0.686
1040,Monmouth (IL),D3,0.398,0.627,1.573,0.763
1041,P.R.-Rio Piedras,D2,0.397,0.563,1.418,0.883
1042,Hollins,D3,0.397,0.536,1.350,0.729
1043,Bluefield St.,D2,0.396,0.609,1.539,0.833
1044,Salem,D3,0.396,0.656,1.658,0.699
1045,Dominican (IL),D3,0.396,0.532,1.344,0.716
1046,Mt. St. Joseph,D3,0.393,0.560,1.424,0.776
1047,D'Youville,D3,0.393,0.642,1.636,0.714
1048,Penn St.-Altoona,D3,0.393,0.693,1.763,0.711
1049,Pine Manor,D3,0.390,0.705,1.806,0.702
1050,Rosemont,D3,0.389,0.680,1.750,0.688
1051,Aurora,D3,0.388,0.599,1.542,0.731
1052,Penn St.-Abington,D3,0.387,0.668,1.725,0.671
1053,St. Joseph's (L.I.),D3,0.378,0.584,1.544,0.712
1054,Me.-Farmington,D3,0.377,0.597,1.583,0.736
1055,North Central (MN),D3,0.374,0.631,1.691,0.720
1056,Keystone,D3,0.370,0.545,1.473,0.697
1057,Mount Ida,D3,0.368,0.610,1.659,0.711
1058,Meredith,D3,0.367,0.576,1.569,0.745
1059,Becker,D3,0.366,0.559,1.526,0.662
1060,Notre Dame (MD),D3,0.363,0.607,1.673,0.672
1061,Thomas (ME),D3,0.362,0.547,1.511,0.692
1062,St. Mary's (IN),D3,0.361,0.593,1.644,0.798
1063,Alfred,D3,0.360,0.618,1.718,0.741
1064,Lasell,D3,0.359,0.502,1.400,0.727
1065,Marian (WI),D3,0.356,0.582,1.634,0.710
1066,Agnes Scott,D3,0.355,0.536,1.509,0.735
1067,Elms,D3,0.355,0.604,1.702,0.648
1068,Cazenovia,D3,0.350,0.658,1.878,0.690
1069,Gallaudet,D3,0.350,0.565,1.614,0.685
1070,Cairn,D3,0.345,0.579,1.676,0.664
1071,Wentworth,D3,0.338,0.541,1.598,0.731
1072,John Jay,D3,0.334,0.551,1.647,0.719
1073,Lawrence,D3,0.333,0.541,1.626,0.742
1074,Maranatha Baptist,D3,0.332,0.529,1.592,0.621
1075,Franciscan,D3,0.331,0.518,1.563,0.723
1076,Penn St.-Berks,D3,0.329,0.617,1.877,0.665
1077,Newbury,D3,0.329,0.556,1.690,0.658
1078,Mount Mary,D3,0.326,0.534,1.638,0.718
1079,New Rochelle,D3,0.322,0.520,1.614,0.657
1080,Daniel Webster,D3,0.322,0.607,1.886,0.665
1081,Edgewood,D3,0.321,0.510,1.592,0.754
1082,MacMurray,D3,0.321,0.548,1.706,0.768
1083,Mitchell,D3,0.319,0.534,1.672,0.679
1084,SUNY Canton,D3,0.319,0.513,1.611,0.695
1085,Crown (MN),D3,0.312,0.482,1.545,0.730
1086,Bryn Mawr,D3,0.308,0.518,1.678,0.721
1087,Blackburn,D3,0.304,0.501,1.647,0.767
1088,Wesleyan (GA),D3,0.303,0.503,1.659,0.712
1089,Purchase,D3,0.300,0.564,1.879,0.698
1090,Wilson,D3,0.299,0.578,1.931,0.661
1091,Penn College,D3,0.295,0.489,1.657,0.674
1092,Lesley ,D3,0.290,0.517,1.782,0.624
1093,Me.-Presque Isle,D3,0.290,0.561,1.934,0.689
1094,Medgar Evers,D3,0.290,0.503,1.732,0.697
1095,Mary Baldwin,D3,0.276,0.478,1.733,0.727
1096,Cedar Crest,D3,0.276,0.506,1.830,0.647
1097,Yeshiva,D3,0.275,0.494,1.795,0.699
1098,Bay Path,D3,0.272,0.513,1.890,0.646
1099,York (NY),D3,0.262,0.436,1.667,0.709
1100,Southern Vt.,D3,0.256,0.434,1.697,0.651
1101,IIT,D3,0.249,0.426,1.710,0.740
1102,Mount Holyoke,D3,0.246,0.411,1.668,0.757
1103,Bard,D3,0.244,0.424,1.738,0.734
1104,Clarks Summit,D3,0.223,0.442,1.980,0.682
1105,Green Mountain,D3,0.213,0.392,1.838,0.710
1106,Trinity Washington,D3,0.203,0.390,1.922,0.711
